session,monkey,betaBaseline_LFP_canc,betaBaseline_LFP_noncanc,betaBaseline_LFP_nostop,targetBaseline_LFP_canc,targetBaseline_LFP_noncanc,targetBaseline_LFP_nostop
1,Euler,0.146666666666667,0.133971291866029,0.165668662674651,0.164444444444444,0.172248803827751,0.183632734530938
1,Euler,0.155555555555556,0.148325358851675,0.171656686626747,0.133333333333333,0.157894736842105,0.131736526946108
1,Euler,0.128888888888889,0.143540669856459,0.12375249500998,0.137777777777778,0.133971291866029,0.143712574850299
1,Euler,0.146666666666667,0.143540669856459,0.131736526946108,0.124444444444444,0.110047846889952,0.159680638722555
1,Euler,0.12,0.191387559808612,0.187624750499002,0.106666666666667,0.138755980861244,0.18562874251497
1,Euler,0.182222222222222,0.215311004784689,0.209580838323353,0.0844444444444444,0.0669856459330144,0.107784431137725
1,Euler,0.222222222222222,0.220095693779904,0.233532934131737,0.0755555555555556,0.0956937799043062,0.0598802395209581
1,Euler,0.186666666666667,0.205741626794258,0.17564870259481,0.08,0.124401913875598,0.0738522954091816
1,Euler,0.168888888888889,0.172248803827751,0.165668662674651,0.0844444444444444,0.133971291866029,0.115768463073852
1,Euler,0.142222222222222,0.129186602870813,0.141716566866267,0.12,0.129186602870813,0.135728542914172
1,Euler,0.124444444444444,0.129186602870813,0.143712574850299,0.102222222222222,0.157894736842105,0.12375249500998
1,Euler,0.12,0.143540669856459,0.139720558882236,0.0622222222222222,0.157894736842105,0.0878243512974052
1,Euler,0.16,0.143540669856459,0.13373253493014,0.0711111111111111,0.119617224880383,0.0698602794411178
1,Euler,0.168888888888889,0.119617224880383,0.13373253493014,0.0711111111111111,0.124401913875598,0.0818363273453094
1,Euler,0.155555555555556,0.124401913875598,0.135728542914172,0.106666666666667,0.119617224880383,0.093812375249501
1,Euler,0.128888888888889,0.0861244019138756,0.11377245508982,0.128888888888889,0.138755980861244,0.13373253493014
1,Euler,0.106666666666667,0.114832535885167,0.117764471057884,0.115555555555556,0.124401913875598,0.151696606786427
1,Euler,0.133333333333333,0.0956937799043062,0.117764471057884,0.151111111111111,0.148325358851675,0.143712574850299
1,Euler,0.12,0.119617224880383,0.119760479041916,0.173333333333333,0.157894736842105,0.159680638722555
1,Euler,0.12,0.119617224880383,0.11377245508982,0.155555555555556,0.157894736842105,0.161676646706587
2,Euler,0.156862745098039,0.167832167832168,0.201405152224824,0.0980392156862745,0.0909090909090909,0.0843091334894614
2,Euler,0.186274509803922,0.181818181818182,0.215456674473068,0.0980392156862745,0.0769230769230769,0.0585480093676815
2,Euler,0.181372549019608,0.195804195804196,0.185011709601874,0.132352941176471,0.0839160839160839,0.0913348946135831
2,Euler,0.161764705882353,0.125874125874126,0.166276346604215,0.102941176470588,0.132867132867133,0.11943793911007
2,Euler,0.147058823529412,0.125874125874126,0.17096018735363,0.132352941176471,0.160839160839161,0.147540983606557
2,Euler,0.107843137254902,0.153846153846154,0.128805620608899,0.191176470588235,0.160839160839161,0.154566744730679
2,Euler,0.0833333333333333,0.118881118881119,0.121779859484778,0.230392156862745,0.167832167832168,0.187353629976581
2,Euler,0.112745098039216,0.111888111888112,0.121779859484778,0.196078431372549,0.195804195804196,0.203747072599532
2,Euler,0.0882352941176471,0.104895104895105,0.152224824355972,0.215686274509804,0.160839160839161,0.22248243559719
2,Euler,0.102941176470588,0.0909090909090909,0.124121779859485,0.225490196078431,0.230769230769231,0.231850117096019
2,Euler,0.0931372549019608,0.125874125874126,0.126463700234192,0.215686274509804,0.167832167832168,0.220140515222482
2,Euler,0.0980392156862745,0.0909090909090909,0.124121779859485,0.220588235294118,0.258741258741259,0.243559718969555
2,Euler,0.142156862745098,0.104895104895105,0.121779859484778,0.196078431372549,0.195804195804196,0.206088992974239
2,Euler,0.127450980392157,0.104895104895105,0.138173302107728,0.230392156862745,0.216783216783217,0.22248243559719
2,Euler,0.0882352941176471,0.13986013986014,0.131147540983607,0.196078431372549,0.251748251748252,0.227166276346604
2,Euler,0.122549019607843,0.146853146853147,0.131147540983607,0.196078431372549,0.258741258741259,0.224824355971897
2,Euler,0.107843137254902,0.132867132867133,0.124121779859485,0.196078431372549,0.223776223776224,0.243559718969555
2,Euler,0.102941176470588,0.132867132867133,0.128805620608899,0.196078431372549,0.216783216783217,0.236533957845433
2,Euler,0.0980392156862745,0.146853146853147,0.138173302107728,0.240196078431373,0.251748251748252,0.241217798594848
2,Euler,0.102941176470588,0.132867132867133,0.149882903981265,0.21078431372549,0.244755244755245,0.262295081967213
3,Euler,0.186991869918699,0.207100591715976,0.200863930885529,0.142276422764228,0.153846153846154,0.125269978401728
3,Euler,0.178861788617886,0.207100591715976,0.220302375809935,0.105691056910569,0.142011834319527,0.142548596112311
3,Euler,0.178861788617886,0.230769230769231,0.213822894168467,0.126016260162602,0.130177514792899,0.129589632829374
3,Euler,0.17479674796748,0.218934911242604,0.19438444924406,0.0975609756097561,0.100591715976331,0.0863930885529158
3,Euler,0.272357723577236,0.260355029585799,0.237580993520518,0.0731707317073171,0.130177514792899,0.0842332613390929
3,Euler,0.268292682926829,0.201183431952663,0.196544276457883,0.0772357723577236,0.118343195266272,0.107991360691145
3,Euler,0.239837398373984,0.21301775147929,0.174946004319654,0.101626016260163,0.142011834319527,0.110151187904968
3,Euler,0.235772357723577,0.201183431952663,0.185745140388769,0.142276422764228,0.159763313609467,0.129589632829374
3,Euler,0.195121951219512,0.201183431952663,0.187904967602592,0.154471544715447,0.142011834319527,0.142548596112311
3,Euler,0.17479674796748,0.165680473372781,0.174946004319654,0.109756097560976,0.165680473372781,0.127429805615551
3,Euler,0.158536585365854,0.183431952662722,0.205183585313175,0.16260162601626,0.14792899408284,0.133909287257019
3,Euler,0.150406504065041,0.153846153846154,0.133909287257019,0.150406504065041,0.165680473372781,0.105831533477322
3,Euler,0.101626016260163,0.159763313609467,0.125269978401728,0.154471544715447,0.171597633136095,0.151187904967603
3,Euler,0.134146341463415,0.171597633136095,0.142548596112311,0.150406504065041,0.207100591715976,0.151187904967603
3,Euler,0.121951219512195,0.189349112426035,0.133909287257019,0.158536585365854,0.201183431952663,0.155507559395248
3,Euler,0.117886178861789,0.177514792899408,0.155507559395248,0.182926829268293,0.218934911242604,0.151187904967603
3,Euler,0.138211382113821,0.189349112426035,0.190064794816415,0.158536585365854,0.224852071005917,0.14902807775378
3,Euler,0.146341463414634,0.189349112426035,0.181425485961123,0.170731707317073,0.260355029585799,0.142548596112311
3,Euler,0.142276422764228,0.242603550295858,0.187904967602592,0.150406504065041,0.21301775147929,0.146868250539957
3,Euler,0.158536585365854,0.236686390532544,0.207343412526998,0.16260162601626,0.177514792899408,0.146868250539957
4,Euler,0.161971830985915,0.160427807486631,0.192660550458716,0.0704225352112676,0.0802139037433155,0.0715596330275229
4,Euler,0.116197183098592,0.117647058823529,0.141284403669725,0.0880281690140845,0.0909090909090909,0.0935779816513762
4,Euler,0.105633802816901,0.0909090909090909,0.130275229357798,0.119718309859155,0.176470588235294,0.146788990825688
4,Euler,0.109154929577465,0.0909090909090909,0.130275229357798,0.126760563380282,0.165775401069519,0.146788990825688
4,Euler,0.112676056338028,0.0748663101604278,0.13394495412844,0.154929577464789,0.155080213903743,0.130275229357798
4,Euler,0.123239436619718,0.0695187165775401,0.119266055045872,0.144366197183099,0.106951871657754,0.100917431192661
4,Euler,0.137323943661972,0.0802139037433155,0.11743119266055,0.140845070422535,0.149732620320856,0.122935779816514
4,Euler,0.112676056338028,0.0695187165775401,0.113761467889908,0.158450704225352,0.160427807486631,0.13394495412844
4,Euler,0.0774647887323944,0.0641711229946524,0.0844036697247706,0.144366197183099,0.176470588235294,0.143119266055046
4,Euler,0.109154929577465,0.053475935828877,0.0770642201834862,0.161971830985915,0.155080213903743,0.172477064220183
4,Euler,0.0774647887323944,0.0855614973262032,0.073394495412844,0.197183098591549,0.203208556149733,0.177981651376147
4,Euler,0.0809859154929577,0.0962566844919786,0.0990825688073395,0.186619718309859,0.20855614973262,0.222018348623853
4,Euler,0.102112676056338,0.117647058823529,0.113761467889908,0.183098591549296,0.144385026737968,0.188990825688073
4,Euler,0.0809859154929577,0.112299465240642,0.115596330275229,0.158450704225352,0.165775401069519,0.188990825688073
4,Euler,0.116197183098592,0.128342245989305,0.122935779816514,0.172535211267606,0.181818181818182,0.154128440366972
4,Euler,0.105633802816901,0.128342245989305,0.130275229357798,0.158450704225352,0.171122994652406,0.187155963302752
4,Euler,0.130281690140845,0.128342245989305,0.128440366972477,0.169014084507042,0.160427807486631,0.18348623853211
4,Euler,0.112676056338028,0.165775401069519,0.155963302752294,0.176056338028169,0.171122994652406,0.188990825688073
4,Euler,0.112676056338028,0.13903743315508,0.15045871559633,0.183098591549296,0.203208556149733,0.192660550458716
4,Euler,0.109154929577465,0.122994652406417,0.143119266055046,0.179577464788732,0.224598930481283,0.194495412844037
5,Euler,0.165217391304348,0.224598930481283,0.175438596491228,0.134782608695652,0.0695187165775401,0.0896686159844055
5,Euler,0.130434782608696,0.171122994652406,0.167641325536062,0.117391304347826,0.0374331550802139,0.0916179337231969
5,Euler,0.156521739130435,0.176470588235294,0.152046783625731,0.143478260869565,0.0962566844919786,0.115009746588694
5,Euler,0.147826086956522,0.176470588235294,0.179337231968811,0.139130434782609,0.117647058823529,0.138401559454191
5,Euler,0.108695652173913,0.165775401069519,0.124756335282651,0.143478260869565,0.171122994652406,0.140350877192982
5,Euler,0.130434782608696,0.112299465240642,0.128654970760234,0.130434782608696,0.197860962566845,0.169590643274854
5,Euler,0.104347826086957,0.149732620320856,0.146198830409357,0.117391304347826,0.160427807486631,0.16374269005848
5,Euler,0.126086956521739,0.117647058823529,0.132553606237817,0.134782608695652,0.128342245989305,0.132553606237817
5,Euler,0.0826086956521739,0.106951871657754,0.0974658869395711,0.134782608695652,0.122994652406417,0.15009746588694
5,Euler,0.0826086956521739,0.0909090909090909,0.0935672514619883,0.126086956521739,0.128342245989305,0.132553606237817
5,Euler,0.0826086956521739,0.144385026737968,0.101364522417154,0.11304347826087,0.176470588235294,0.130604288499025
5,Euler,0.0869565217391304,0.122994652406417,0.0974658869395711,0.0956521739130435,0.160427807486631,0.144249512670565
5,Euler,0.0956521739130435,0.128342245989305,0.0955165692007797,0.11304347826087,0.165775401069519,0.153996101364522
5,Euler,0.117391304347826,0.128342245989305,0.10916179337232,0.134782608695652,0.165775401069519,0.148148148148148
5,Euler,0.104347826086957,0.155080213903743,0.120857699805068,0.126086956521739,0.133689839572193,0.1364522417154
5,Euler,0.117391304347826,0.144385026737968,0.116959064327485,0.108695652173913,0.160427807486631,0.138401559454191
5,Euler,0.121739130434783,0.160427807486631,0.120857699805068,0.143478260869565,0.155080213903743,0.138401559454191
5,Euler,0.121739130434783,0.144385026737968,0.138401559454191,0.139130434782609,0.133689839572193,0.1364522417154
5,Euler,0.139130434782609,0.165775401069519,0.144249512670565,0.139130434782609,0.144385026737968,0.146198830409357
5,Euler,0.134782608695652,0.144385026737968,0.148148148148148,0.160869565217391,0.197860962566845,0.152046783625731
6,Euler,0.142857142857143,0.187096774193548,0.153488372093023,0.116071428571429,0.103225806451613,0.12093023255814
6,Euler,0.183035714285714,0.193548387096774,0.188372093023256,0.116071428571429,0.0838709677419355,0.0767441860465116
6,Euler,0.138392857142857,0.135483870967742,0.153488372093023,0.147321428571429,0.032258064516129,0.0790697674418605
6,Euler,0.129464285714286,0.129032258064516,0.127906976744186,0.165178571428571,0.0774193548387097,0.0883720930232558
6,Euler,0.133928571428571,0.154838709677419,0.130232558139535,0.165178571428571,0.103225806451613,0.132558139534884
6,Euler,0.147321428571429,0.0838709677419355,0.125581395348837,0.151785714285714,0.174193548387097,0.174418604651163
6,Euler,0.111607142857143,0.12258064516129,0.106976744186047,0.183035714285714,0.225806451612903,0.176744186046512
6,Euler,0.129464285714286,0.0709677419354839,0.0953488372093023,0.15625,0.232258064516129,0.188372093023256
6,Euler,0.116071428571429,0.0967741935483871,0.086046511627907,0.142857142857143,0.212903225806452,0.176744186046512
6,Euler,0.102678571428571,0.0451612903225806,0.0767441860465116,0.160714285714286,0.206451612903226,0.193023255813953
6,Euler,0.09375,0.0451612903225806,0.0674418604651163,0.183035714285714,0.212903225806452,0.17906976744186
6,Euler,0.0982142857142857,0.0580645161290323,0.0813953488372093,0.1875,0.225806451612903,0.183720930232558
6,Euler,0.111607142857143,0.0645161290322581,0.0837209302325581,0.196428571428571,0.225806451612903,0.181395348837209
6,Euler,0.09375,0.0709677419354839,0.0604651162790698,0.200892857142857,0.212903225806452,0.218604651162791
6,Euler,0.107142857142857,0.0838709677419355,0.086046511627907,0.178571428571429,0.2,0.188372093023256
6,Euler,0.116071428571429,0.0580645161290323,0.0837209302325581,0.227678571428571,0.219354838709677,0.186046511627907
6,Euler,0.125,0.0774193548387097,0.0906976744186047,0.232142857142857,0.251612903225806,0.2
6,Euler,0.102678571428571,0.0709677419354839,0.086046511627907,0.209821428571429,0.232258064516129,0.153488372093023
6,Euler,0.111607142857143,0.0645161290322581,0.0883720930232558,0.205357142857143,0.212903225806452,0.186046511627907
6,Euler,0.125,0.0451612903225806,0.0790697674418605,0.227678571428571,0.232258064516129,0.176744186046512
7,Xena,0.239382239382239,0.231292517006803,0.225352112676056,0.297297297297297,0.346938775510204,0.344064386317907
7,Xena,0.38996138996139,0.26530612244898,0.372233400402414,0.397683397683398,0.312925170068027,0.438631790744467
7,Xena,0.254826254826255,0.217687074829932,0.245472837022133,0.359073359073359,0.360544217687075,0.358148893360161
7,Xena,0.262548262548263,0.204081632653061,0.263581488933602,0.32046332046332,0.374149659863946,0.35010060362173
7,Xena,0.28957528957529,0.217687074829932,0.253521126760563,0.312741312741313,0.319727891156463,0.354124748490946
7,Xena,0.239382239382239,0.210884353741497,0.255533199195171,0.374517374517374,0.306122448979592,0.344064386317907
7,Xena,0.254826254826255,0.251700680272109,0.23943661971831,0.366795366795367,0.353741496598639,0.329979879275654
7,Xena,0.277992277992278,0.238095238095238,0.261569416498994,0.382239382239382,0.312925170068027,0.378269617706237
7,Xena,0.274131274131274,0.231292517006803,0.263581488933602,0.335907335907336,0.346938775510204,0.344064386317907
7,Xena,0.254826254826255,0.224489795918367,0.235412474849095,0.32046332046332,0.346938775510204,0.364185110663984
7,Xena,0.227799227799228,0.251700680272109,0.219315895372233,0.281853281853282,0.306122448979592,0.311871227364185
7,Xena,0.216216216216216,0.285714285714286,0.233400402414487,0.28957528957529,0.217687074829932,0.297786720321932
7,Xena,0.27027027027027,0.224489795918367,0.24748490945674,0.193050193050193,0.210884353741497,0.235412474849095
7,Xena,0.227799227799228,0.17687074829932,0.263581488933602,0.189189189189189,0.238095238095238,0.243460764587525
7,Xena,0.231660231660232,0.170068027210884,0.233400402414487,0.216216216216216,0.27891156462585,0.249496981891348
7,Xena,0.235521235521236,0.163265306122449,0.229376257545272,0.227799227799228,0.292517006802721,0.23943661971831
7,Xena,0.231660231660232,0.19047619047619,0.24748490945674,0.212355212355212,0.258503401360544,0.277665995975855
7,Xena,0.239382239382239,0.204081632653061,0.255533199195171,0.227799227799228,0.258503401360544,0.261569416498994
7,Xena,0.223938223938224,0.217687074829932,0.245472837022133,0.223938223938224,0.26530612244898,0.263581488933602
7,Xena,0.239382239382239,0.170068027210884,0.215291750503018,0.231660231660232,0.272108843537415,0.23943661971831
8,Xena,0.258426966292135,0.215469613259669,0.236764705882353,0.355805243445693,0.392265193370166,0.332352941176471
8,Xena,0.310861423220974,0.248618784530387,0.279411764705882,0.411985018726592,0.502762430939227,0.436764705882353
8,Xena,0.288389513108614,0.226519337016575,0.247058823529412,0.337078651685393,0.408839779005525,0.327941176470588
8,Xena,0.273408239700375,0.226519337016575,0.242647058823529,0.363295880149813,0.397790055248619,0.385294117647059
8,Xena,0.269662921348315,0.276243093922652,0.233823529411765,0.355805243445693,0.392265193370166,0.344117647058824
8,Xena,0.247191011235955,0.287292817679558,0.223529411764706,0.325842696629214,0.392265193370166,0.316176470588235
8,Xena,0.224719101123595,0.248618784530387,0.238235294117647,0.333333333333333,0.337016574585635,0.292647058823529
8,Xena,0.235955056179775,0.259668508287293,0.225,0.310861423220974,0.337016574585635,0.286764705882353
8,Xena,0.224719101123595,0.237569060773481,0.245588235294118,0.288389513108614,0.331491712707182,0.273529411764706
8,Xena,0.247191011235955,0.25414364640884,0.211764705882353,0.303370786516854,0.303867403314917,0.247058823529412
8,Xena,0.250936329588015,0.243093922651934,0.219117647058824,0.299625468164794,0.314917127071823,0.261764705882353
8,Xena,0.243445692883895,0.276243093922652,0.238235294117647,0.310861423220974,0.325966850828729,0.25
8,Xena,0.209737827715356,0.243093922651934,0.198529411764706,0.213483146067416,0.259668508287293,0.233823529411765
8,Xena,0.209737827715356,0.281767955801105,0.216176470588235,0.220973782771536,0.331491712707182,0.254411764705882
8,Xena,0.213483146067416,0.265193370165746,0.214705882352941,0.228464419475655,0.331491712707182,0.252941176470588
8,Xena,0.198501872659176,0.276243093922652,0.222058823529412,0.258426966292135,0.303867403314917,0.244117647058824
8,Xena,0.224719101123595,0.281767955801105,0.216176470588235,0.250936329588015,0.276243093922652,0.232352941176471
8,Xena,0.213483146067416,0.298342541436464,0.214705882352941,0.247191011235955,0.298342541436464,0.238235294117647
8,Xena,0.187265917602996,0.243093922651934,0.225,0.247191011235955,0.30939226519337,0.269117647058824
8,Xena,0.235955056179775,0.281767955801105,0.223529411764706,0.273408239700375,0.30939226519337,0.222058823529412
9,Xena,0.300653594771242,0.29126213592233,0.268929503916449,0.254901960784314,0.330097087378641,0.289817232375979
9,Xena,0.274509803921569,0.281553398058252,0.279373368146214,0.26797385620915,0.320388349514563,0.268929503916449
9,Xena,0.281045751633987,0.300970873786408,0.276762402088773,0.287581699346405,0.330097087378641,0.289817232375979
9,Xena,0.281045751633987,0.310679611650485,0.276762402088773,0.228758169934641,0.29126213592233,0.279373368146214
9,Xena,0.281045751633987,0.262135922330097,0.255874673629243,0.261437908496732,0.359223300970874,0.295039164490862
9,Xena,0.287581699346405,0.310679611650485,0.279373368146214,0.248366013071895,0.339805825242718,0.295039164490862
9,Xena,0.261437908496732,0.310679611650485,0.295039164490862,0.248366013071895,0.300970873786408,0.276762402088773
9,Xena,0.300653594771242,0.281553398058252,0.279373368146214,0.248366013071895,0.368932038834951,0.284595300261097
9,Xena,0.294117647058824,0.310679611650485,0.27154046997389,0.26797385620915,0.368932038834951,0.274151436031332
9,Xena,0.261437908496732,0.310679611650485,0.268929503916449,0.248366013071895,0.29126213592233,0.274151436031332
9,Xena,0.261437908496732,0.349514563106796,0.261096605744125,0.254901960784314,0.339805825242718,0.287206266318538
9,Xena,0.235294117647059,0.320388349514563,0.281984334203655,0.241830065359477,0.262135922330097,0.289817232375979
9,Xena,0.228758169934641,0.262135922330097,0.248041775456919,0.209150326797386,0.213592233009709,0.201044386422977
9,Xena,0.228758169934641,0.213592233009709,0.232375979112272,0.189542483660131,0.262135922330097,0.232375979112272
9,Xena,0.209150326797386,0.242718446601942,0.276762402088773,0.196078431372549,0.262135922330097,0.248041775456919
9,Xena,0.26797385620915,0.223300970873786,0.253263707571802,0.215686274509804,0.271844660194175,0.248041775456919
9,Xena,0.228758169934641,0.242718446601942,0.203655352480418,0.176470588235294,0.262135922330097,0.242819843342037
9,Xena,0.215686274509804,0.233009708737864,0.190600522193211,0.183006535947712,0.252427184466019,0.245430809399478
9,Xena,0.215686274509804,0.252427184466019,0.16710182767624,0.222222222222222,0.174757281553398,0.221932114882507
9,Xena,0.196078431372549,0.223300970873786,0.161879895561358,0.163398692810458,0.184466019417476,0.227154046997389
10,Xena,0.284848484848485,0.272727272727273,0.260515603799186,0.366666666666667,0.363636363636364,0.367706919945726
10,Xena,0.309090909090909,0.272727272727273,0.293080054274084,0.354545454545455,0.309090909090909,0.363636363636364
10,Xena,0.251515151515152,0.23030303030303,0.225237449118046,0.260606060606061,0.296969696969697,0.257801899592944
10,Xena,0.251515151515152,0.272727272727273,0.236092265943012,0.278787878787879,0.284848484848485,0.255088195386703
10,Xena,0.257575757575758,0.260606060606061,0.244233378561737,0.263636363636364,0.242424242424242,0.238805970149254
10,Xena,0.26969696969697,0.23030303030303,0.265943012211669,0.26969696969697,0.290909090909091,0.251017639077341
10,Xena,0.278787878787879,0.260606060606061,0.242876526458616,0.260606060606061,0.284848484848485,0.24966078697422
10,Xena,0.260606060606061,0.242424242424242,0.255088195386703,0.278787878787879,0.242424242424242,0.271370420624152
10,Xena,0.245454545454545,0.296969696969697,0.219810040705563,0.257575757575758,0.218181818181818,0.271370420624152
10,Xena,0.242424242424242,0.309090909090909,0.248303934871099,0.278787878787879,0.272727272727273,0.263229308005427
10,Xena,0.257575757575758,0.242424242424242,0.246947082767978,0.296969696969697,0.248484848484848,0.271370420624152
10,Xena,0.245454545454545,0.309090909090909,0.245590230664858,0.290909090909091,0.218181818181818,0.275440976933514
10,Xena,0.236363636363636,0.236363636363636,0.223880597014925,0.215151515151515,0.266666666666667,0.252374491180461
10,Xena,0.251515151515152,0.206060606060606,0.225237449118046,0.239393939393939,0.2,0.257801899592944
10,Xena,0.248484848484848,0.23030303030303,0.227951153324288,0.245454545454545,0.218181818181818,0.245590230664858
10,Xena,0.248484848484848,0.260606060606061,0.242876526458616,0.242424242424242,0.23030303030303,0.253731343283582
10,Xena,0.23030303030303,0.236363636363636,0.234735413839891,0.221212121212121,0.254545454545455,0.26729986431479
10,Xena,0.251515151515152,0.218181818181818,0.226594301221167,0.239393939393939,0.254545454545455,0.252374491180461
10,Xena,0.254545454545455,0.284848484848485,0.217096336499322,0.233333333333333,0.248484848484848,0.238805970149254
10,Xena,0.233333333333333,0.206060606060606,0.225237449118046,0.212121212121212,0.23030303030303,0.245590230664858
11,Xena,0.278637770897833,0.271844660194175,0.272841051314143,0.315789473684211,0.344660194174757,0.344180225281602
11,Xena,0.272445820433437,0.300970873786408,0.216520650813517,0.294117647058824,0.281553398058252,0.287859824780976
11,Xena,0.287925696594427,0.247572815533981,0.220275344180225,0.284829721362229,0.315533980582524,0.306633291614518
11,Xena,0.269349845201238,0.252427184466019,0.236545682102628,0.26625386996904,0.310679611650485,0.296620775969962
11,Xena,0.303405572755418,0.252427184466019,0.241551939924906,0.287925696594427,0.320388349514563,0.292866082603254
11,Xena,0.287925696594427,0.286407766990291,0.25531914893617,0.263157894736842,0.339805825242718,0.295369211514393
11,Xena,0.312693498452012,0.286407766990291,0.234042553191489,0.263157894736842,0.378640776699029,0.297872340425532
11,Xena,0.281733746130031,0.242718446601942,0.249061326658323,0.294117647058824,0.388349514563107,0.311639549436796
11,Xena,0.291021671826625,0.29126213592233,0.249061326658323,0.291021671826625,0.354368932038835,0.295369211514393
11,Xena,0.297213622291022,0.281553398058252,0.260325406758448,0.334365325077399,0.339805825242718,0.299123904881101
11,Xena,0.297213622291022,0.305825242718447,0.25657071339174,0.312693498452012,0.37378640776699,0.317897371714643
11,Xena,0.275541795665635,0.271844660194175,0.261576971214018,0.340557275541796,0.359223300970874,0.314142678347935
11,Xena,0.226006191950464,0.20873786407767,0.206508135168961,0.263157894736842,0.320388349514563,0.269086357947434
11,Xena,0.219814241486068,0.271844660194175,0.219023779724656,0.278637770897833,0.37378640776699,0.299123904881101
11,Xena,0.222910216718266,0.218446601941748,0.211514392991239,0.287925696594427,0.349514563106796,0.267834793491865
11,Xena,0.281733746130031,0.213592233009709,0.219023779724656,0.247678018575851,0.305825242718447,0.282853566958698
11,Xena,0.226006191950464,0.242718446601942,0.220275344180225,0.291021671826625,0.33495145631068,0.297872340425532
11,Xena,0.244582043343653,0.257281553398058,0.212765957446809,0.306501547987616,0.33495145631068,0.281602002503129
11,Xena,0.21671826625387,0.281553398058252,0.219023779724656,0.284829721362229,0.339805825242718,0.277847309136421
11,Xena,0.244582043343653,0.276699029126214,0.222778473091364,0.291021671826625,0.305825242718447,0.274092615769712
12,Xena,0.261127596439169,0.317535545023697,0.288350634371396,0.367952522255193,0.364928909952607,0.372549019607843
12,Xena,0.293768545994065,0.364928909952607,0.354094579008074,0.362017804154303,0.421800947867299,0.38638985005767
12,Xena,0.237388724035608,0.274881516587678,0.298731257208766,0.385756676557863,0.336492890995261,0.362168396770473
12,Xena,0.270029673590504,0.260663507109005,0.29757785467128,0.356083086053412,0.407582938388626,0.354094579008074
12,Xena,0.249258160237389,0.255924170616114,0.282583621683968,0.317507418397626,0.303317535545024,0.304498269896194
12,Xena,0.246290801186944,0.274881516587678,0.254901960784314,0.341246290801187,0.33175355450237,0.277970011534025
12,Xena,0.216617210682493,0.213270142180095,0.250288350634371,0.323442136498516,0.341232227488152,0.28719723183391
12,Xena,0.231454005934718,0.203791469194313,0.2479815455594,0.29673590504451,0.312796208530806,0.271049596309112
12,Xena,0.219584569732938,0.246445497630332,0.239907727797001,0.275964391691395,0.293838862559242,0.271049596309112
12,Xena,0.234421364985163,0.213270142180095,0.261822376009227,0.267062314540059,0.298578199052133,0.253748558246828
12,Xena,0.252225519287834,0.289099526066351,0.262975778546713,0.27299703264095,0.317535545023697,0.245674740484429
12,Xena,0.246290801186944,0.293838862559242,0.269896193771626,0.258160237388724,0.312796208530806,0.256055363321799
12,Xena,0.189910979228487,0.260663507109005,0.222606689734717,0.234421364985163,0.293838862559242,0.231833910034602
12,Xena,0.181008902077151,0.260663507109005,0.256055363321799,0.234421364985163,0.246445497630332,0.232987312572088
12,Xena,0.216617210682493,0.246445497630332,0.22722029988466,0.258160237388724,0.251184834123223,0.229527104959631
12,Xena,0.246290801186944,0.279620853080569,0.228373702422145,0.240356083086053,0.222748815165877,0.231833910034602
12,Xena,0.237388724035608,0.308056872037915,0.238754325259516,0.258160237388724,0.289099526066351,0.245674740484429
12,Xena,0.243323442136499,0.213270142180095,0.238754325259516,0.246290801186944,0.270142180094787,0.244521337946943
12,Xena,0.249258160237389,0.265402843601896,0.229527104959631,0.246290801186944,0.274881516587678,0.235294117647059
12,Xena,0.249258160237389,0.218009478672986,0.228373702422145,0.27299703264095,0.255924170616114,0.235294117647059
13,Xena,0.270718232044199,0.204819277108434,0.231182795698925,0.303867403314917,0.313253012048193,0.330645161290323
13,Xena,0.331491712707182,0.301204819277108,0.239247311827957,0.331491712707182,0.337349397590361,0.317204301075269
13,Xena,0.287292817679558,0.216867469879518,0.201612903225806,0.292817679558011,0.325301204819277,0.349462365591398
13,Xena,0.248618784530387,0.204819277108434,0.190860215053763,0.276243093922652,0.337349397590361,0.311827956989247
13,Xena,0.325966850828729,0.240963855421687,0.21505376344086,0.281767955801105,0.385542168674699,0.311827956989247
13,Xena,0.265193370165746,0.216867469879518,0.223118279569892,0.270718232044199,0.325301204819277,0.268817204301075
13,Xena,0.243093922651934,0.204819277108434,0.260752688172043,0.226519337016575,0.253012048192771,0.268817204301075
13,Xena,0.237569060773481,0.301204819277108,0.25,0.265193370165746,0.337349397590361,0.274193548387097
13,Xena,0.281767955801105,0.228915662650602,0.258064516129032,0.232044198895028,0.325301204819277,0.287634408602151
13,Xena,0.25414364640884,0.156626506024096,0.247311827956989,0.320441988950276,0.27710843373494,0.28494623655914
13,Xena,0.226519337016575,0.180722891566265,0.282258064516129,0.237569060773481,0.228915662650602,0.247311827956989
13,Xena,0.232044198895028,0.228915662650602,0.268817204301075,0.248618784530387,0.180722891566265,0.212365591397849
13,Xena,0.265193370165746,0.301204819277108,0.255376344086022,0.176795580110497,0.204819277108434,0.223118279569892
13,Xena,0.237569060773481,0.27710843373494,0.244623655913978,0.237569060773481,0.240963855421687,0.231182795698925
13,Xena,0.226519337016575,0.228915662650602,0.252688172043011,0.243093922651934,0.265060240963855,0.223118279569892
13,Xena,0.226519337016575,0.204819277108434,0.247311827956989,0.265193370165746,0.27710843373494,0.233870967741935
13,Xena,0.220994475138122,0.180722891566265,0.236559139784946,0.25414364640884,0.27710843373494,0.271505376344086
13,Xena,0.237569060773481,0.180722891566265,0.212365591397849,0.232044198895028,0.253012048192771,0.263440860215054
13,Xena,0.215469613259669,0.216867469879518,0.258064516129032,0.198895027624309,0.228915662650602,0.247311827956989
13,Xena,0.209944751381215,0.192771084337349,0.21505376344086,0.187845303867403,0.228915662650602,0.241935483870968
14,Euler,0.146666666666667,0.155038759689922,0.163636363636364,0.146666666666667,0.108527131782946,0.127272727272727
14,Euler,0.155555555555556,0.124031007751938,0.167272727272727,0.111111111111111,0.0697674418604651,0.105454545454545
14,Euler,0.168888888888889,0.116279069767442,0.178181818181818,0.128888888888889,0.0852713178294574,0.105454545454545
14,Euler,0.173333333333333,0.155038759689922,0.163636363636364,0.16,0.108527131782946,0.0909090909090909
14,Euler,0.244444444444444,0.209302325581395,0.203636363636364,0.177777777777778,0.147286821705426,0.0981818181818182
14,Euler,0.142222222222222,0.0852713178294574,0.170909090909091,0.168888888888889,0.178294573643411,0.167272727272727
14,Euler,0.168888888888889,0.131782945736434,0.145454545454545,0.186666666666667,0.193798449612403,0.149090909090909
14,Euler,0.137777777777778,0.108527131782946,0.130909090909091,0.142222222222222,0.155038759689922,0.127272727272727
14,Euler,0.155555555555556,0.147286821705426,0.16,0.115555555555556,0.131782945736434,0.156363636363636
14,Euler,0.16,0.124031007751938,0.149090909090909,0.133333333333333,0.0930232558139535,0.130909090909091
14,Euler,0.168888888888889,0.131782945736434,0.141818181818182,0.115555555555556,0.116279069767442,0.130909090909091
14,Euler,0.16,0.124031007751938,0.123636363636364,0.137777777777778,0.155038759689922,0.185454545454545
14,Euler,0.151111111111111,0.116279069767442,0.08,0.128888888888889,0.10077519379845,0.152727272727273
14,Euler,0.115555555555556,0.0930232558139535,0.0945454545454545,0.137777777777778,0.186046511627907,0.16
14,Euler,0.115555555555556,0.0852713178294574,0.0872727272727273,0.137777777777778,0.131782945736434,0.138181818181818
14,Euler,0.12,0.0775193798449612,0.127272727272727,0.155555555555556,0.178294573643411,0.185454545454545
14,Euler,0.124444444444444,0.0775193798449612,0.112727272727273,0.155555555555556,0.147286821705426,0.170909090909091
15,Euler,0.158682634730539,0.192513368983957,0.203389830508475,0.197604790419162,0.13903743315508,0.161016949152542
15,Euler,0.155688622754491,0.160427807486631,0.199152542372881,0.134730538922156,0.112299465240642,0.135593220338983
15,Euler,0.131736526946108,0.20855614973262,0.186440677966102,0.149700598802395,0.0855614973262032,0.127118644067797
15,Euler,0.149700598802395,0.181818181818182,0.194915254237288,0.155688622754491,0.144385026737968,0.125
15,Euler,0.176646706586826,0.176470588235294,0.197033898305085,0.146706586826347,0.176470588235294,0.125
15,Euler,0.170658682634731,0.181818181818182,0.197033898305085,0.131736526946108,0.112299465240642,0.146186440677966
15,Euler,0.155688622754491,0.18716577540107,0.224576271186441,0.176646706586826,0.176470588235294,0.197033898305085
15,Euler,0.125748502994012,0.149732620320856,0.173728813559322,0.161676646706587,0.144385026737968,0.169491525423729
15,Euler,0.146706586826347,0.144385026737968,0.180084745762712,0.122754491017964,0.101604278074866,0.163135593220339
15,Euler,0.146706586826347,0.149732620320856,0.161016949152542,0.122754491017964,0.133689839572193,0.146186440677966
15,Euler,0.155688622754491,0.149732620320856,0.175847457627119,0.110778443113772,0.128342245989305,0.125
15,Euler,0.143712574850299,0.13903743315508,0.141949152542373,0.122754491017964,0.149732620320856,0.139830508474576
15,Euler,0.122754491017964,0.101604278074866,0.152542372881356,0.122754491017964,0.165775401069519,0.146186440677966
15,Euler,0.125748502994012,0.101604278074866,0.129237288135593,0.164670658682635,0.112299465240642,0.13135593220339
15,Euler,0.12874251497006,0.117647058823529,0.144067796610169,0.12874251497006,0.149732620320856,0.125
15,Euler,0.110778443113772,0.128342245989305,0.167372881355932,0.12874251497006,0.149732620320856,0.152542372881356
15,Euler,0.12874251497006,0.133689839572193,0.135593220338983,0.161676646706587,0.144385026737968,0.148305084745763
16,Euler,0.146579804560261,0.241610738255034,0.183953033268102,0.0977198697068404,0.10738255033557,0.140900195694716
16,Euler,0.156351791530945,0.214765100671141,0.195694716242661,0.130293159609121,0.10738255033557,0.150684931506849
16,Euler,0.182410423452769,0.201342281879195,0.205479452054795,0.146579804560261,0.100671140939597,0.119373776908023
16,Euler,0.205211726384365,0.161073825503356,0.189823874755382,0.120521172638436,0.134228187919463,0.11545988258317
16,Euler,0.172638436482085,0.194630872483221,0.203522504892368,0.133550488599349,0.154362416107383,0.0998043052837573
16,Euler,0.195439739413681,0.181208053691275,0.195694716242661,0.133550488599349,0.147651006711409,0.144814090019569
16,Euler,0.169381107491857,0.187919463087248,0.185909980430528,0.130293159609121,0.140939597315436,0.172211350293542
16,Euler,0.169381107491857,0.181208053691275,0.164383561643836,0.120521172638436,0.147651006711409,0.168297455968689
16,Euler,0.133550488599349,0.167785234899329,0.158512720156556,0.130293159609121,0.134228187919463,0.160469667318982
16,Euler,0.133550488599349,0.194630872483221,0.150684931506849,0.0977198697068404,0.0738255033557047,0.154598825831703
16,Euler,0.143322475570033,0.161073825503356,0.140900195694716,0.117263843648208,0.10738255033557,0.136986301369863
16,Euler,0.123778501628664,0.174496644295302,0.135029354207436,0.130293159609121,0.0805369127516778,0.135029354207436
16,Euler,0.107491856677524,0.187919463087248,0.146771037181996,0.117263843648208,0.100671140939597,0.129158512720157
16,Euler,0.0879478827361563,0.100671140939597,0.135029354207436,0.130293159609121,0.134228187919463,0.156555772994129
16,Euler,0.0879478827361563,0.154362416107383,0.125244618395303,0.136807817589577,0.140939597315436,0.12720156555773
16,Euler,0.0944625407166124,0.114093959731544,0.107632093933464,0.130293159609121,0.147651006711409,0.13307240704501
16,Euler,0.104234527687296,0.0939597315436242,0.11545988258317,0.159609120521173,0.12751677852349,0.136986301369863
17,Euler,0.141891891891892,0.159420289855072,0.175054704595186,0.175675675675676,0.188405797101449,0.148796498905908
17,Euler,0.155405405405405,0.181159420289855,0.183807439824945,0.138513513513514,0.152173913043478,0.12035010940919
17,Euler,0.168918918918919,0.152173913043478,0.196936542669584,0.14527027027027,0.166666666666667,0.118161925601751
17,Euler,0.172297297297297,0.13768115942029,0.240700218818381,0.148648648648649,0.159420289855072,0.12472647702407
17,Euler,0.131756756756757,0.123188405797101,0.242888402625821,0.158783783783784,0.13768115942029,0.111597374179431
17,Euler,0.162162162162162,0.188405797101449,0.225382932166302,0.165540540540541,0.159420289855072,0.159737417943107
17,Euler,0.138513513513514,0.123188405797101,0.190371991247265,0.182432432432432,0.239130434782609,0.175054704595186
17,Euler,0.125,0.152173913043478,0.150984682713348,0.14527027027027,0.144927536231884,0.148796498905908
17,Euler,0.125,0.159420289855072,0.150984682713348,0.168918918918919,0.152173913043478,0.12253829321663
17,Euler,0.0912162162162162,0.13768115942029,0.137855579868709,0.125,0.195652173913043,0.144420131291028
17,Euler,0.111486486486486,0.152173913043478,0.133479212253829,0.158783783783784,0.166666666666667,0.148796498905908
17,Euler,0.108108108108108,0.130434782608696,0.12035010940919,0.158783783783784,0.202898550724638,0.177242888402626
17,Euler,0.108108108108108,0.13768115942029,0.12691466083151,0.155405405405405,0.231884057971014,0.179431072210066
17,Euler,0.097972972972973,0.072463768115942,0.12035010940919,0.152027027027027,0.231884057971014,0.185995623632385
17,Euler,0.0912162162162162,0.0797101449275362,0.131291028446389,0.162162162162162,0.166666666666667,0.188183807439825
17,Euler,0.0709459459459459,0.0869565217391304,0.135667396061269,0.148648648648649,0.231884057971014,0.155361050328228
18,Euler,0.151898734177215,0.164383561643836,0.140425531914894,0.126582278481013,0.0547945205479452,0.136170212765957
18,Euler,0.145569620253165,0.164383561643836,0.140425531914894,0.113924050632911,0.0273972602739726,0.11063829787234
18,Euler,0.164556962025316,0.164383561643836,0.127659574468085,0.126582278481013,0.0958904109589041,0.0936170212765957
18,Euler,0.177215189873418,0.178082191780822,0.148936170212766,0.113924050632911,0.0958904109589041,0.127659574468085
18,Euler,0.158227848101266,0.164383561643836,0.131914893617021,0.158227848101266,0.0821917808219178,0.114893617021277
18,Euler,0.126582278481013,0.164383561643836,0.0851063829787234,0.126582278481013,0.10958904109589,0.153191489361702
18,Euler,0.10126582278481,0.136986301369863,0.0893617021276596,0.113924050632911,0.10958904109589,0.136170212765957
18,Euler,0.151898734177215,0.123287671232877,0.102127659574468,0.0886075949367089,0.0684931506849315,0.0978723404255319
18,Euler,0.132911392405063,0.10958904109589,0.0978723404255319,0.113924050632911,0.10958904109589,0.119148936170213
18,Euler,0.069620253164557,0.10958904109589,0.140425531914894,0.0759493670886076,0.10958904109589,0.136170212765957
18,Euler,0.0949367088607595,0.123287671232877,0.0893617021276596,0.113924050632911,0.150684931506849,0.140425531914894
18,Euler,0.0822784810126582,0.0821917808219178,0.102127659574468,0.113924050632911,0.136986301369863,0.174468085106383
18,Euler,0.0759493670886076,0.10958904109589,0.0851063829787234,0.126582278481013,0.10958904109589,0.157446808510638
19,Euler,0.182058047493404,0.171270718232044,0.169781931464174,0.131926121372032,0.0497237569060773,0.102803738317757
19,Euler,0.184696569920844,0.193370165745856,0.165109034267913,0.129287598944591,0.0607734806629834,0.11214953271028
19,Euler,0.184696569920844,0.165745856353591,0.161993769470405,0.147757255936675,0.0718232044198895,0.110591900311526
19,Euler,0.195250659630607,0.193370165745856,0.180685358255452,0.145118733509235,0.0773480662983425,0.126168224299065
19,Euler,0.197889182058047,0.160220994475138,0.197819314641745,0.168865435356201,0.0883977900552486,0.127725856697819
19,Euler,0.205804749340369,0.149171270718232,0.177570093457944,0.160949868073879,0.0939226519337017,0.123052959501558
19,Euler,0.174142480211082,0.154696132596685,0.163551401869159,0.158311345646438,0.149171270718232,0.154205607476636
19,Euler,0.155672823218997,0.121546961325967,0.149532710280374,0.150395778364116,0.143646408839779,0.143302180685358
19,Euler,0.12401055408971,0.110497237569061,0.118380062305296,0.118733509234828,0.0828729281767956,0.149532710280374
19,Euler,0.134564643799472,0.12707182320442,0.151090342679128,0.113456464379947,0.0883977900552486,0.135514018691589
19,Euler,0.129287598944591,0.149171270718232,0.132398753894081,0.121372031662269,0.0883977900552486,0.129283489096573
19,Euler,0.110817941952507,0.132596685082873,0.116822429906542,0.153034300791557,0.0939226519337017,0.127725856697819
19,Euler,0.118733509234828,0.110497237569061,0.121495327102804,0.137203166226913,0.143646408839779,0.138629283489097
19,Euler,0.108179419525066,0.132596685082873,0.132398753894081,0.12664907651715,0.149171270718232,0.143302180685358
19,Euler,0.110817941952507,0.132596685082873,0.14797507788162,0.121372031662269,0.149171270718232,0.14797507788162
19,Euler,0.108179419525066,0.104972375690608,0.123052959501558,0.142480211081794,0.143646408839779,0.141744548286604
19,Euler,0.102902374670185,0.116022099447514,0.126168224299065,0.139841688654354,0.160220994475138,0.160436137071651
20,Xena,0.233995584988962,0.198653198653199,0.242208370436331,0.233995584988962,0.228956228956229,0.233303650934996
20,Xena,0.227373068432671,0.195286195286195,0.230632235084595,0.245033112582781,0.255892255892256,0.241317898486198
20,Xena,0.245033112582781,0.235690235690236,0.248441674087266,0.267108167770419,0.235690235690236,0.257346393588602
20,Xena,0.214128035320088,0.265993265993266,0.239536954585931,0.264900662251656,0.282828282828283,0.265360641139804
20,Xena,0.222958057395143,0.232323232323232,0.22439893143366,0.227373068432671,0.249158249158249,0.252003561887801
20,Xena,0.236203090507726,0.252525252525253,0.241317898486198,0.229580573951435,0.262626262626263,0.233303650934996
20,Xena,0.23841059602649,0.239057239057239,0.251113089937667,0.211920529801325,0.259259259259259,0.239536954585931
20,Xena,0.222958057395143,0.255892255892256,0.239536954585931,0.209713024282561,0.232323232323232,0.238646482635797
20,Xena,0.229580573951435,0.249158249158249,0.241317898486198,0.227373068432671,0.225589225589226,0.251113089937667
20,Xena,0.222958057395143,0.198653198653199,0.237756010685663,0.236203090507726,0.212121212121212,0.269813000890472
20,Xena,0.189845474613687,0.228956228956229,0.230632235084595,0.242825607064018,0.242424242424242,0.268032056990205
20,Xena,0.222958057395143,0.228956228956229,0.226179875333927,0.245033112582781,0.225589225589226,0.272484416740873
21,Xena,0.193989071038251,0.205,0.200250312891114,0.202185792349727,0.19,0.18523153942428
21,Xena,0.243169398907104,0.25,0.241551939924906,0.256830601092896,0.265,0.235294117647059
21,Xena,0.245901639344262,0.215,0.267834793491865,0.265027322404372,0.235,0.254067584480601
21,Xena,0.210382513661202,0.24,0.230287859824781,0.23224043715847,0.225,0.222778473091364
21,Xena,0.210382513661202,0.28,0.23279098873592,0.218579234972678,0.23,0.242803504380476
21,Xena,0.265027322404372,0.245,0.276595744680851,0.251366120218579,0.245,0.257822277847309
21,Xena,0.23224043715847,0.22,0.246558197747184,0.256830601092896,0.24,0.267834793491865
21,Xena,0.221311475409836,0.265,0.237797246558198,0.210382513661202,0.235,0.265331664580726
21,Xena,0.237704918032787,0.245,0.230287859824781,0.221311475409836,0.22,0.240300375469337
21,Xena,0.240437158469945,0.24,0.242803504380476,0.207650273224044,0.235,0.240300375469337
21,Xena,0.256830601092896,0.26,0.271589486858573,0.207650273224044,0.25,0.229036295369212
21,Xena,0.237704918032787,0.26,0.250312891113892,0.243169398907104,0.235,0.23153942428035
21,Xena,0.240437158469945,0.24,0.23279098873592,0.23224043715847,0.23,0.222778473091364
21,Xena,0.215846994535519,0.235,0.211514392991239,0.215846994535519,0.255,0.237797246558198
21,Xena,0.234972677595628,0.235,0.242803504380476,0.248633879781421,0.215,0.235294117647059
21,Xena,0.218579234972678,0.24,0.245306633291615,0.245901639344262,0.225,0.235294117647059
21,Xena,0.199453551912568,0.25,0.23153942428035,0.254098360655738,0.255,0.23153942428035
22,Xena,0.211845102505695,0.232142857142857,0.233870967741935,0.223234624145786,0.263392857142857,0.194556451612903
22,Xena,0.227790432801822,0.227678571428571,0.269153225806452,0.24373576309795,0.28125,0.246975806451613
22,Xena,0.216400911161731,0.276785714285714,0.255040322580645,0.223234624145786,0.28125,0.227822580645161
22,Xena,0.216400911161731,0.25,0.258064516129032,0.246013667425968,0.267857142857143,0.237903225806452
22,Xena,0.234624145785877,0.21875,0.262096774193548,0.24373576309795,0.227678571428571,0.244959677419355
22,Xena,0.24373576309795,0.25,0.267137096774194,0.234624145785877,0.241071428571429,0.234879032258065
22,Xena,0.236902050113895,0.236607142857143,0.243951612903226,0.289293849658314,0.254464285714286,0.25
22,Xena,0.266514806378132,0.254464285714286,0.25,0.280182232346241,0.236607142857143,0.232862903225806
22,Xena,0.255125284738041,0.258928571428571,0.245967741935484,0.264236902050114,0.223214285714286,0.216733870967742
22,Xena,0.259681093394077,0.28125,0.232862903225806,0.257403189066059,0.227678571428571,0.236895161290323
22,Xena,0.24373576309795,0.245535714285714,0.232862903225806,0.259681093394077,0.236607142857143,0.217741935483871
22,Xena,0.255125284738041,0.254464285714286,0.221774193548387,0.234624145785877,0.21875,0.227822580645161
22,Xena,0.227790432801822,0.245535714285714,0.220766129032258,0.248291571753986,0.272321428571429,0.209677419354839
22,Xena,0.252847380410023,0.245535714285714,0.217741935483871,0.225512528473804,0.245535714285714,0.232862903225806
22,Xena,0.255125284738041,0.258928571428571,0.227822580645161,0.225512528473804,0.263392857142857,0.220766129032258
22,Xena,0.241457858769932,0.245535714285714,0.223790322580645,0.230068337129841,0.263392857142857,0.221774193548387
22,Xena,0.230068337129841,0.241071428571429,0.204637096774194,0.232346241457859,0.285714285714286,0.235887096774194
23,Xena,0.255874673629243,0.213483146067416,0.214885954381753,0.253263707571802,0.235955056179775,0.228091236494598
23,Xena,0.268929503916449,0.185393258426966,0.236494597839136,0.248041775456919,0.241573033707865,0.230492196878751
23,Xena,0.234986945169713,0.202247191011236,0.218487394957983,0.201044386422977,0.213483146067416,0.24249699879952
23,Xena,0.201044386422977,0.191011235955056,0.260504201680672,0.221932114882507,0.224719101123595,0.230492196878751
23,Xena,0.232375979112272,0.196629213483146,0.249699879951981,0.216710182767624,0.247191011235955,0.272509003601441
23,Xena,0.258485639686684,0.252808988764045,0.236494597839136,0.221932114882507,0.258426966292135,0.276110444177671
23,Xena,0.234986945169713,0.191011235955056,0.248499399759904,0.227154046997389,0.269662921348315,0.244897959183673
23,Xena,0.242819843342037,0.168539325842697,0.235294117647059,0.221932114882507,0.235955056179775,0.24249699879952
23,Xena,0.248041775456919,0.179775280898876,0.248499399759904,0.237597911227154,0.303370786516854,0.228091236494598
23,Xena,0.253263707571802,0.179775280898876,0.235294117647059,0.258485639686684,0.264044943820225,0.241296518607443
23,Xena,0.237597911227154,0.213483146067416,0.244897959183673,0.266318537859008,0.297752808988764,0.213685474189676
23,Xena,0.227154046997389,0.185393258426966,0.231692677070828,0.261096605744125,0.264044943820225,0.230492196878751
23,Xena,0.2088772845953,0.168539325842697,0.223289315726291,0.284595300261097,0.241573033707865,0.223289315726291
24,Xena,0.200542005420054,0.175965665236052,0.220823798627002,0.21680216802168,0.197424892703863,0.185354691075515
24,Xena,0.249322493224932,0.163090128755365,0.221967963386728,0.192411924119241,0.171673819742489,0.210526315789474
24,Xena,0.233062330623306,0.231759656652361,0.224256292906178,0.192411924119241,0.180257510729614,0.19908466819222
24,Xena,0.235772357723577,0.231759656652361,0.25629290617849,0.203252032520325,0.257510729613734,0.195652173913043
24,Xena,0.249322493224932,0.180257510729614,0.263157894736842,0.195121951219512,0.210300429184549,0.184210526315789
24,Xena,0.254742547425474,0.201716738197425,0.262013729977117,0.200542005420054,0.218884120171674,0.19908466819222
24,Xena,0.227642276422764,0.274678111587983,0.265446224256293,0.16260162601626,0.218884120171674,0.215102974828375
24,Xena,0.268292682926829,0.244635193133047,0.274599542334096,0.195121951219512,0.236051502145923,0.223112128146453
24,Xena,0.254742547425474,0.248927038626609,0.218535469107551,0.181571815718157,0.231759656652361,0.194508009153318
24,Xena,0.241192411924119,0.261802575107296,0.223112128146453,0.173441734417344,0.248927038626609,0.203661327231121
24,Xena,0.246612466124661,0.244635193133047,0.234553775743707,0.205962059620596,0.248927038626609,0.191075514874142
24,Xena,0.224932249322493,0.218884120171674,0.229977116704806,0.178861788617886,0.244635193133047,0.203661327231121
24,Xena,0.233062330623306,0.180257510729614,0.232265446224256,0.195121951219512,0.257510729613734,0.218535469107551
25,Xena,0.228,0.222929936305732,0.236427320490368,0.236,0.197452229299363,0.197898423817863
25,Xena,0.192,0.191082802547771,0.220665499124343,0.176,0.184713375796178,0.203152364273205
25,Xena,0.164,0.286624203821656,0.227670753064799,0.196,0.159235668789809,0.217162872154116
25,Xena,0.204,0.24203821656051,0.206654991243433,0.192,0.152866242038217,0.218914185639229
25,Xena,0.244,0.229299363057325,0.222416812609457,0.204,0.203821656050955,0.197898423817863
25,Xena,0.224,0.254777070063694,0.260945709281961,0.192,0.229299363057325,0.189141856392294
25,Xena,0.264,0.248407643312102,0.243432574430823,0.196,0.254777070063694,0.21015761821366
25,Xena,0.248,0.24203821656051,0.234676007005254,0.256,0.191082802547771,0.222416812609457
25,Xena,0.252,0.273885350318471,0.215411558669002,0.26,0.133757961783439,0.218914185639229
25,Xena,0.228,0.280254777070064,0.224168126094571,0.252,0.203821656050955,0.21015761821366
25,Xena,0.248,0.292993630573248,0.227670753064799,0.232,0.229299363057325,0.218914185639229
25,Xena,0.248,0.261146496815287,0.222416812609457,0.228,0.248407643312102,0.227670753064799
25,Xena,0.244,0.248407643312102,0.217162872154116,0.244,0.235668789808917,0.21015761821366
25,Xena,0.236,0.229299363057325,0.217162872154116,0.256,0.21656050955414,0.206654991243433
25,Xena,0.224,0.248407643312102,0.206654991243433,0.256,0.222929936305732,0.197898423817863
26,Xena,0.237762237762238,0.233333333333333,0.18562874251497,0.237762237762238,0.283333333333333,0.188622754491018
26,Xena,0.307692307692308,0.25,0.245508982035928,0.20979020979021,0.116666666666667,0.173652694610778
26,Xena,0.286713286713287,0.183333333333333,0.236526946107784,0.237762237762238,0.183333333333333,0.218562874251497
26,Xena,0.223776223776224,0.266666666666667,0.24251497005988,0.265734265734266,0.25,0.227544910179641
26,Xena,0.195804195804196,0.3,0.266467065868263,0.307692307692308,0.233333333333333,0.239520958083832
26,Xena,0.251748251748252,0.216666666666667,0.263473053892216,0.251748251748252,0.266666666666667,0.24251497005988
26,Xena,0.293706293706294,0.233333333333333,0.281437125748503,0.293706293706294,0.316666666666667,0.203592814371257
26,Xena,0.293706293706294,0.216666666666667,0.260479041916168,0.265734265734266,0.116666666666667,0.230538922155689
26,Xena,0.300699300699301,0.316666666666667,0.284431137724551,0.293706293706294,0.233333333333333,0.230538922155689
26,Xena,0.265734265734266,0.25,0.266467065868263,0.244755244755245,0.2,0.233532934131737
26,Xena,0.230769230769231,0.25,0.263473053892216,0.258741258741259,0.233333333333333,0.248502994011976
26,Xena,0.202797202797203,0.216666666666667,0.245508982035928,0.230769230769231,0.2,0.236526946107784
26,Xena,0.20979020979021,0.183333333333333,0.209580838323353,0.230769230769231,0.216666666666667,0.248502994011976
26,Xena,0.181818181818182,0.183333333333333,0.194610778443114,0.237762237762238,0.183333333333333,0.221556886227545
26,Xena,0.244755244755245,0.25,0.206586826347305,0.237762237762238,0.216666666666667,0.254491017964072
26,Xena,0.244755244755245,0.233333333333333,0.20059880239521,0.251748251748252,0.3,0.233532934131737
27,Xena,0.242990654205607,0.22093023255814,0.236328125,0.238317757009346,0.186046511627907,0.19140625
27,Xena,0.280373831775701,0.151162790697674,0.205078125,0.210280373831776,0.232558139534884,0.201171875
27,Xena,0.233644859813084,0.267441860465116,0.23046875,0.214953271028037,0.209302325581395,0.234375
27,Xena,0.228971962616822,0.244186046511628,0.212890625,0.261682242990654,0.267441860465116,0.22265625
27,Xena,0.252336448598131,0.174418604651163,0.24609375,0.280373831775701,0.22093023255814,0.267578125
27,Xena,0.308411214953271,0.186046511627907,0.208984375,0.214953271028037,0.290697674418605,0.251953125
27,Xena,0.303738317757009,0.209302325581395,0.22265625,0.238317757009346,0.232558139534884,0.244140625
27,Xena,0.275700934579439,0.197674418604651,0.224609375,0.214953271028037,0.22093023255814,0.232421875
27,Xena,0.317757009345794,0.209302325581395,0.21484375,0.214953271028037,0.232558139534884,0.201171875
27,Xena,0.317757009345794,0.22093023255814,0.244140625,0.219626168224299,0.197674418604651,0.201171875
27,Xena,0.191588785046729,0.197674418604651,0.224609375,0.261682242990654,0.22093023255814,0.201171875
27,Xena,0.177570093457944,0.197674418604651,0.22265625,0.224299065420561,0.127906976744186,0.19140625
27,Xena,0.233644859813084,0.232558139534884,0.21875,0.224299065420561,0.186046511627907,0.208984375
27,Xena,0.196261682242991,0.209302325581395,0.244140625,0.238317757009346,0.151162790697674,0.203125
27,Xena,0.210280373831776,0.232558139534884,0.25,0.219626168224299,0.13953488372093,0.21875
27,Xena,0.224299065420561,0.232558139534884,0.26953125,0.257009345794392,0.151162790697674,0.205078125
28,Xena,0.243781094527363,0.235294117647059,0.240506329113924,0.189054726368159,0.147058823529412,0.208860759493671
28,Xena,0.228855721393035,0.264705882352941,0.208860759493671,0.223880597014925,0.166666666666667,0.225738396624473
28,Xena,0.199004975124378,0.176470588235294,0.225738396624473,0.203980099502488,0.245098039215686,0.225738396624473
28,Xena,0.27363184079602,0.245098039215686,0.232067510548523,0.228855721393035,0.245098039215686,0.221518987341772
28,Xena,0.238805970149254,0.186274509803922,0.217299578059072,0.228855721393035,0.225490196078431,0.227848101265823
28,Xena,0.223880597014925,0.235294117647059,0.213080168776371,0.218905472636816,0.225490196078431,0.213080168776371
28,Xena,0.228855721393035,0.294117647058824,0.210970464135021,0.258706467661692,0.264705882352941,0.20042194092827
28,Xena,0.248756218905473,0.254901960784314,0.219409282700422,0.223880597014925,0.303921568627451,0.189873417721519
28,Xena,0.243781094527363,0.254901960784314,0.261603375527426,0.228855721393035,0.245098039215686,0.20253164556962
28,Xena,0.288557213930348,0.245098039215686,0.223628691983122,0.228855721393035,0.254901960784314,0.229957805907173
28,Xena,0.233830845771144,0.264705882352941,0.210970464135021,0.189054726368159,0.205882352941176,0.20042194092827
28,Xena,0.208955223880597,0.225490196078431,0.208860759493671,0.208955223880597,0.264705882352941,0.20464135021097
28,Xena,0.208955223880597,0.205882352941176,0.213080168776371,0.199004975124378,0.284313725490196,0.225738396624473
28,Xena,0.228855721393035,0.186274509803922,0.215189873417722,0.233830845771144,0.284313725490196,0.232067510548523
28,Xena,0.203980099502488,0.196078431372549,0.221518987341772,0.208955223880597,0.264705882352941,0.240506329113924
28,Xena,0.169154228855721,0.225490196078431,0.217299578059072,0.233830845771144,0.274509803921569,0.229957805907173
28,Xena,0.194029850746269,0.274509803921569,0.225738396624473,0.228855721393035,0.274509803921569,0.227848101265823
29,Xena,0.228346456692913,0.191304347826087,0.18370607028754,0.177165354330709,0.2,0.196485623003195
29,Xena,0.279527559055118,0.191304347826087,0.230031948881789,0.263779527559055,0.130434782608696,0.194888178913738
29,Xena,0.259842519685039,0.139130434782609,0.244408945686901,0.232283464566929,0.11304347826087,0.210862619808307
29,Xena,0.275590551181102,0.226086956521739,0.249201277955272,0.255905511811024,0.156521739130435,0.228434504792332
29,Xena,0.283464566929134,0.173913043478261,0.246006389776358,0.220472440944882,0.147826086956522,0.226837060702875
29,Xena,0.299212598425197,0.2,0.23482428115016,0.244094488188976,0.182608695652174,0.222044728434505
29,Xena,0.244094488188976,0.208695652173913,0.233226837060703,0.216535433070866,0.173913043478261,0.206070287539936
29,Xena,0.307086614173228,0.2,0.26038338658147,0.192913385826772,0.234782608695652,0.225239616613419
29,Xena,0.255905511811024,0.208695652173913,0.244408945686901,0.196850393700787,0.156521739130435,0.210862619808307
29,Xena,0.271653543307087,0.217391304347826,0.23482428115016,0.177165354330709,0.182608695652174,0.207667731629393
29,Xena,0.259842519685039,0.234782608695652,0.230031948881789,0.192913385826772,0.208695652173913,0.20926517571885
29,Xena,0.244094488188976,0.252173913043478,0.20926517571885,0.200787401574803,0.269565217391304,0.21405750798722
29,Xena,0.232283464566929,0.243478260869565,0.194888178913738,0.232283464566929,0.191304347826087,0.21405750798722
29,Xena,0.224409448818898,0.156521739130435,0.198083067092652,0.204724409448819,0.217391304347826,0.199680511182109
29,Xena,0.255905511811024,0.217391304347826,0.217252396166134,0.204724409448819,0.191304347826087,0.223642172523962
29,Xena,0.240157480314961,0.234782608695652,0.230031948881789,0.18503937007874,0.191304347826087,0.226837060702875
