session,monkey,baseline_canceled,baseline_noncanc,baseline_nostop,ssd_canceled,ssd_noncanc,ssd_nostop
1,Euler,0,0,0,0,0,0
1,Euler,0,0,0,0,0,0
1,Euler,0,0,0,0,0,0
1,Euler,0,0,0,0,0,0
1,Euler,0.0622222222222222,0.110047846889952,0.0998003992015968,0.0444444444444444,0.0478468899521531,0.0858283433133733
1,Euler,0.0977777777777778,0.119617224880383,0.117764471057884,0.0222222222222222,0.0382775119617225,0.0439121756487026
1,Euler,0.173333333333333,0.129186602870813,0.145708582834331,0.04,0.0287081339712919,0.0259481037924152
1,Euler,0.191111111111111,0.239234449760766,0.221556886227545,0.0844444444444444,0.076555023923445,0.0958083832335329
1,Euler,0.257777777777778,0.244019138755981,0.261477045908184,0.173333333333333,0.129186602870813,0.135728542914172
1,Euler,0.248888888888889,0.205741626794258,0.227544910179641,0.177777777777778,0.0813397129186603,0.137724550898204
1,Euler,0.244444444444444,0.248803827751196,0.233532934131737,0.173333333333333,0.138755980861244,0.167664670658683
1,Euler,0.244444444444444,0.167464114832536,0.215568862275449,0.164444444444444,0.110047846889952,0.155688622754491
1,Euler,0.32,0.277511961722488,0.285429141716567,0.186666666666667,0.205741626794258,0.221556886227545
1,Euler,0.266666666666667,0.291866028708134,0.307385229540918,0.2,0.196172248803828,0.215568862275449
1,Euler,0.302222222222222,0.215311004784689,0.277445109780439,0.173333333333333,0.15311004784689,0.171656686626747
1,Euler,0.213333333333333,0.162679425837321,0.177644710578842,0.133333333333333,0.110047846889952,0.145708582834331
1,Euler,0.182222222222222,0.157894736842105,0.181636726546906,0.151111111111111,0.119617224880383,0.145708582834331
1,Euler,0.182222222222222,0.15311004784689,0.151696606786427,0.155555555555556,0.0813397129186603,0.0958083832335329
1,Euler,0.12,0.110047846889952,0.105788423153693,0.142222222222222,0.076555023923445,0.0798403193612774
1,Euler,0.102222222222222,0.100478468899522,0.111776447105788,0.115555555555556,0.0526315789473684,0.0738522954091816
2,Euler,0.0343137254901961,0.041958041958042,0.0468384074941452,0.0147058823529412,0.041958041958042,0.0187353629976581
2,Euler,0.0931372549019608,0.0699300699300699,0.105386416861827,0.0147058823529412,0.00699300699300699,0.0210772833723653
2,Euler,0.147058823529412,0.174825174825175,0.199063231850117,0.0833333333333333,0.0559440559440559,0.0679156908665105
2,Euler,0.196078431372549,0.181818181818182,0.194379391100703,0.156862745098039,0.0979020979020979,0.11943793911007
2,Euler,0.191176470588235,0.160839160839161,0.173302107728337,0.186274509803922,0.0839160839160839,0.135831381733021
2,Euler,0.166666666666667,0.153846153846154,0.175644028103044,0.225490196078431,0.0839160839160839,0.133489461358314
2,Euler,0.161764705882353,0.153846153846154,0.154566744730679,0.191176470588235,0.153846153846154,0.159250585480094
2,Euler,0.191176470588235,0.132867132867133,0.194379391100703,0.181372549019608,0.153846153846154,0.166276346604215
2,Euler,0.161764705882353,0.153846153846154,0.187353629976581,0.156862745098039,0.202797202797203,0.189695550351288
2,Euler,0.151960784313725,0.118881118881119,0.154566744730679,0.142156862745098,0.13986013986014,0.175644028103044
2,Euler,0.161764705882353,0.132867132867133,0.161592505854801,0.151960784313725,0.118881118881119,0.168618266978923
2,Euler,0.176470588235294,0.13986013986014,0.166276346604215,0.21078431372549,0.146853146853147,0.185011709601874
2,Euler,0.147058823529412,0.125874125874126,0.156908665105386,0.161764705882353,0.146853146853147,0.189695550351288
2,Euler,0.166666666666667,0.104895104895105,0.121779859484778,0.147058823529412,0.104895104895105,0.147540983606557
2,Euler,0.102941176470588,0.125874125874126,0.105386416861827,0.102941176470588,0.118881118881119,0.128805620608899
2,Euler,0.0833333333333333,0.104895104895105,0.0819672131147541,0.0931372549019608,0.104895104895105,0.112412177985948
2,Euler,0.0980392156862745,0.0699300699300699,0.0819672131147541,0.0833333333333333,0.0909090909090909,0.107728337236534
2,Euler,0.0833333333333333,0.0979020979020979,0.0960187353629977,0.0833333333333333,0.111888111888112,0.124121779859485
2,Euler,0.0686274509803922,0.104895104895105,0.107728337236534,0.102941176470588,0.0909090909090909,0.131147540983607
2,Euler,0.0686274509803922,0.0979020979020979,0.100702576112412,0.102941176470588,0.111888111888112,0.128805620608899
3,Euler,0,0,0,0,0,0
3,Euler,0,0,0,0,0,0
3,Euler,0,0,0,0,0,0
3,Euler,0.032520325203252,0.0177514792899408,0.0583153347732181,0.0121951219512195,0.0118343195266272,0.00863930885529158
3,Euler,0.182926829268293,0.165680473372781,0.16414686825054,0.040650406504065,0.0355029585798817,0.0496760259179266
3,Euler,0.268292682926829,0.207100591715976,0.23110151187905,0.109756097560976,0.142011834319527,0.140388768898488
3,Euler,0.264227642276423,0.236686390532544,0.200863930885529,0.158536585365854,0.153846153846154,0.144708423326134
3,Euler,0.227642276422764,0.289940828402367,0.252699784017279,0.142276422764228,0.177514792899408,0.14902807775378
3,Euler,0.223577235772358,0.189349112426035,0.198704103671706,0.121951219512195,0.136094674556213,0.151187904967603
3,Euler,0.235772357723577,0.195266272189349,0.237580993520518,0.199186991869919,0.183431952662722,0.181425485961123
3,Euler,0.219512195121951,0.21301775147929,0.254859611231102,0.239837398373984,0.272189349112426,0.200863930885529
3,Euler,0.219512195121951,0.159763313609467,0.209503239740821,0.17479674796748,0.142011834319527,0.125269978401728
3,Euler,0.146341463414634,0.14792899408284,0.177105831533477,0.142276422764228,0.106508875739645,0.144708423326134
3,Euler,0.154471544715447,0.118343195266272,0.166306695464363,0.101626016260163,0.0887573964497041,0.101511879049676
3,Euler,0.126016260162602,0.142011834319527,0.146868250539957,0.0813008130081301,0.0769230769230769,0.0971922246220302
3,Euler,0.0975609756097561,0.100591715976331,0.114470842332613,0.0934959349593496,0.0591715976331361,0.0799136069114471
3,Euler,0.0853658536585366,0.0828402366863905,0.123110151187905,0.0487804878048781,0.0118343195266272,0.0518358531317495
3,Euler,0.0609756097560976,0.0591715976331361,0.103671706263499,0.040650406504065,0.0177514792899408,0.0302375809935205
3,Euler,0.0528455284552846,0.0473372781065089,0.0971922246220302,0.040650406504065,0.00591715976331361,0.0259179265658747
3,Euler,0.0650406504065041,0.0473372781065089,0.0928725701943845,0.0284552845528455,0.0118343195266272,0.0367170626349892
4,Euler,0.0985915492957746,0.101604278074866,0.106422018348624,0.0387323943661972,0.0320855614973262,0.0422018348623853
4,Euler,0.193661971830986,0.144385026737968,0.201834862385321,0.133802816901408,0.133689839572193,0.132110091743119
4,Euler,0.190140845070423,0.192513368983957,0.220183486238532,0.183098591549296,0.181818181818182,0.172477064220183
4,Euler,0.137323943661972,0.18716577540107,0.211009174311927,0.158450704225352,0.165775401069519,0.163302752293578
4,Euler,0.197183098591549,0.122994652406417,0.194495412844037,0.133802816901408,0.165775401069519,0.152293577981651
4,Euler,0.176056338028169,0.13903743315508,0.16697247706422,0.140845070422535,0.144385026737968,0.157798165137615
4,Euler,0.154929577464789,0.176470588235294,0.179816513761468,0.179577464788732,0.165775401069519,0.155963302752294
4,Euler,0.214788732394366,0.203208556149733,0.194495412844037,0.161971830985915,0.18716577540107,0.174311926605505
4,Euler,0.137323943661972,0.128342245989305,0.122935779816514,0.147887323943662,0.128342245989305,0.119266055045872
4,Euler,0.112676056338028,0.101604278074866,0.106422018348624,0.126760563380282,0.106951871657754,0.110091743119266
4,Euler,0.0880281690140845,0.0855614973262032,0.0972477064220184,0.0950704225352113,0.0588235294117647,0.100917431192661
4,Euler,0.0915492957746479,0.0962566844919786,0.0862385321100917,0.119718309859155,0.0641711229946524,0.0697247706422018
4,Euler,0.0704225352112676,0.0909090909090909,0.0752293577981651,0.0809859154929577,0.053475935828877,0.0642201834862385
4,Euler,0.0669014084507042,0.0641711229946524,0.0752293577981651,0.0669014084507042,0.0748663101604278,0.0605504587155963
4,Euler,0.0563380281690141,0.0695187165775401,0.0642201834862385,0.0598591549295775,0.0267379679144385,0.0440366972477064
4,Euler,0.0387323943661972,0.053475935828877,0.0477064220183486,0.0422535211267606,0.0320855614973262,0.0348623853211009
4,Euler,0.0492957746478873,0.0588235294117647,0.0678899082568807,0.0492957746478873,0.0320855614973262,0.0256880733944954
4,Euler,0.0492957746478873,0.0427807486631016,0.055045871559633,0.0528169014084507,0.0267379679144385,0.0275229357798165
4,Euler,0.0633802816901408,0.0481283422459893,0.0697247706422018,0.0528169014084507,0.0320855614973262,0.0275229357798165
4,Euler,0.0457746478873239,0.0160427807486631,0.0623853211009174,0.0457746478873239,0.0374331550802139,0.0330275229357798
5,Euler,0.121739130434783,0.117647058823529,0.115009746588694,0.0478260869565217,0.0320855614973262,0.0487329434697856
5,Euler,0.126086956521739,0.219251336898396,0.152046783625731,0.0826086956521739,0.0802139037433155,0.0740740740740741
5,Euler,0.247826086956522,0.267379679144385,0.173489278752437,0.160869565217391,0.203208556149733,0.179337231968811
5,Euler,0.195652173913043,0.219251336898396,0.192982456140351,0.2,0.197860962566845,0.167641325536062
5,Euler,0.21304347826087,0.20855614973262,0.204678362573099,0.156521739130435,0.165775401069519,0.175438596491228
5,Euler,0.21304347826087,0.235294117647059,0.218323586744639,0.217391304347826,0.171122994652406,0.179337231968811
5,Euler,0.204347826086957,0.203208556149733,0.185185185185185,0.191304347826087,0.20855614973262,0.128654970760234
5,Euler,0.156521739130435,0.20855614973262,0.220272904483431,0.173913043478261,0.171122994652406,0.169590643274854
5,Euler,0.182608695652174,0.171122994652406,0.167641325536062,0.182608695652174,0.106951871657754,0.1364522417154
5,Euler,0.147826086956522,0.160427807486631,0.138401559454191,0.139130434782609,0.0962566844919786,0.10916179337232
5,Euler,0.11304347826087,0.155080213903743,0.0994152046783626,0.11304347826087,0.053475935828877,0.087719298245614
5,Euler,0.0739130434782609,0.112299465240642,0.0682261208576998,0.0956521739130435,0.0588235294117647,0.0682261208576998
5,Euler,0.0652173913043478,0.0909090909090909,0.0662768031189084,0.0652173913043478,0.0213903743315508,0.0448343079922027
5,Euler,0.0608695652173913,0.0962566844919786,0.087719298245614,0.0565217391304348,0.0374331550802139,0.0409356725146199
5,Euler,0.0608695652173913,0.0909090909090909,0.064327485380117,0.0565217391304348,0.0267379679144385,0.0448343079922027
5,Euler,0.0260869565217391,0.0695187165775401,0.0467836257309941,0.0217391304347826,0.0160427807486631,0.0194931773879142
5,Euler,0.0521739130434783,0.0695187165775401,0.050682261208577,0.0478260869565217,0.0160427807486631,0.0233918128654971
5,Euler,0.0347826086956522,0.053475935828877,0.0487329434697856,0.0260869565217391,0.0213903743315508,0.0214424951267057
5,Euler,0.0695652173913043,0.0641711229946524,0.064327485380117,0.0478260869565217,0.0320855614973262,0.0253411306042885
5,Euler,0.0391304347826087,0.0641711229946524,0.050682261208577,0.0391304347826087,0.0213903743315508,0.0272904483430799
6,Euler,0.0625,0.0645161290322581,0.0744186046511628,0.0357142857142857,0.0193548387096774,0.0651162790697674
6,Euler,0.102678571428571,0.0838709677419355,0.0976744186046512,0.0223214285714286,0.0516129032258065,0.0372093023255814
6,Euler,0.165178571428571,0.154838709677419,0.148837209302326,0.116071428571429,0.0903225806451613,0.0953488372093023
6,Euler,0.183035714285714,0.193548387096774,0.172093023255814,0.147321428571429,0.0903225806451613,0.13953488372093
6,Euler,0.205357142857143,0.2,0.2,0.196428571428571,0.148387096774194,0.17906976744186
6,Euler,0.160714285714286,0.141935483870968,0.146511627906977,0.133928571428571,0.0903225806451613,0.123255813953488
6,Euler,0.183035714285714,0.219354838709677,0.162790697674419,0.227678571428571,0.225806451612903,0.162790697674419
6,Euler,0.21875,0.180645161290323,0.146511627906977,0.25,0.212903225806452,0.167441860465116
6,Euler,0.183035714285714,0.187096774193548,0.186046511627907,0.236607142857143,0.212903225806452,0.16046511627907
6,Euler,0.116071428571429,0.135483870967742,0.104651162790698,0.21875,0.129032258064516,0.12093023255814
6,Euler,0.0848214285714286,0.116129032258065,0.086046511627907,0.147321428571429,0.135483870967742,0.130232558139535
6,Euler,0.0848214285714286,0.0774193548387097,0.0883720930232558,0.138392857142857,0.116129032258065,0.116279069767442
6,Euler,0.09375,0.0387096774193548,0.072093023255814,0.102678571428571,0.148387096774194,0.106976744186047
6,Euler,0.107142857142857,0.0645161290322581,0.0581395348837209,0.120535714285714,0.109677419354839,0.104651162790698
6,Euler,0.0714285714285714,0.0516129032258065,0.0651162790697674,0.0758928571428571,0.0709677419354839,0.0767441860465116
6,Euler,0.0446428571428571,0.0193548387096774,0.0302325581395349,0.0803571428571429,0.0580645161290323,0.0511627906976744
6,Euler,0.0535714285714286,0.0451612903225806,0.0395348837209302,0.0848214285714286,0.0645161290322581,0.0558139534883721
6,Euler,0.0401785714285714,0.0258064516129032,0.0209302325581395,0.0580357142857143,0.0774193548387097,0.0372093023255814
6,Euler,0.0491071428571429,0.00645161290322581,0.0162790697674419,0.0758928571428571,0.0774193548387097,0.0441860465116279
6,Euler,0.0535714285714286,0,0.013953488372093,0.0758928571428571,0.0451612903225806,0.027906976744186
7,Xena,0.0193050193050193,0.0136054421768707,0.0201207243460765,0.0347490347490347,0.0204081632653061,0.0241448692152917
7,Xena,0.22007722007722,0.163265306122449,0.158953722334004,0.154440154440154,0.129251700680272,0.187122736418511
7,Xena,0.0231660231660232,0.0204081632653061,0.0261569416498994,0.0424710424710425,0.0136054421768707,0.0201207243460765
7,Xena,0.0193050193050193,0.0136054421768707,0.0241448692152917,0.0347490347490347,0.0340136054421769,0.0160965794768612
7,Xena,0.0386100386100386,0.0408163265306122,0.0321931589537223,0.0579150579150579,0.0136054421768707,0.03420523138833
7,Xena,0.0231660231660232,0.0340136054421769,0.03420523138833,0.0540540540540541,0.0204081632653061,0.0382293762575453
7,Xena,0.0347490347490347,0.0272108843537415,0.028169014084507,0.0540540540540541,0.0476190476190476,0.0362173038229376
7,Xena,0.0424710424710425,0.0136054421768707,0.0241448692152917,0.0386100386100386,0.0272108843537415,0.0261569416498994
7,Xena,0.0579150579150579,0.0272108843537415,0.0402414486921529,0.0810810810810811,0.054421768707483,0.062374245472837
7,Xena,0.0733590733590734,0.0408163265306122,0.0563380281690141,0.0965250965250965,0.0952380952380952,0.0804828973843058
7,Xena,0.127413127413127,0.115646258503401,0.120724346076459,0.146718146718147,0.149659863945578,0.140845070422535
7,Xena,0.200772200772201,0.17687074829932,0.199195171026157,0.216216216216216,0.163265306122449,0.175050301810865
7,Xena,0.150579150579151,0.122448979591837,0.122736418511066,0.0888030888030888,0.108843537414966,0.108651911468813
7,Xena,0.104247104247104,0.102040816326531,0.144869215291751,0.104247104247104,0.102040816326531,0.0885311871227364
7,Xena,0.1003861003861,0.0680272108843537,0.116700201207243,0.104247104247104,0.102040816326531,0.108651911468813
7,Xena,0.127413127413127,0.0748299319727891,0.110663983903421,0.104247104247104,0.0952380952380952,0.100603621730382
7,Xena,0.158301158301158,0.136054421768707,0.150905432595573,0.104247104247104,0.142857142857143,0.140845070422535
7,Xena,0.181467181467181,0.0748299319727891,0.169014084507042,0.127413127413127,0.122448979591837,0.142857142857143
7,Xena,0.196911196911197,0.115646258503401,0.160965794768612,0.108108108108108,0.102040816326531,0.134808853118712
7,Xena,0.162162162162162,0.0884353741496599,0.154929577464789,0.131274131274131,0.163265306122449,0.134808853118712
8,Xena,0.0337078651685393,0.0386740331491713,0.0455882352941176,0.0898876404494382,0.0718232044198895,0.0529411764705882
8,Xena,0.0374531835205993,0.0276243093922652,0.0367647058823529,0.0823970037453183,0.0773480662983425,0.0455882352941176
8,Xena,0.0374531835205993,0.0276243093922652,0.0441176470588235,0.0561797752808989,0.0718232044198895,0.0426470588235294
8,Xena,0.0374531835205993,0.0276243093922652,0.0294117647058824,0.0636704119850187,0.0939226519337017,0.0485294117647059
8,Xena,0.0561797752808989,0.0662983425414365,0.0573529411764706,0.0786516853932584,0.121546961325967,0.0632352941176471
8,Xena,0.101123595505618,0.110497237569061,0.0882352941176471,0.127340823970037,0.18232044198895,0.110294117647059
8,Xena,0.172284644194757,0.154696132596685,0.173529411764706,0.243445692883895,0.237569060773481,0.167647058823529
8,Xena,0.176029962546816,0.18232044198895,0.192647058823529,0.224719101123595,0.248618784530387,0.176470588235294
8,Xena,0.243445692883895,0.232044198895028,0.226470588235294,0.277153558052434,0.281767955801105,0.201470588235294
8,Xena,0.284644194756554,0.209944751381215,0.219117647058824,0.235955056179775,0.25414364640884,0.214705882352941
8,Xena,0.247191011235955,0.259668508287293,0.258823529411765,0.254681647940075,0.237569060773481,0.220588235294118
8,Xena,0.295880149812734,0.25414364640884,0.288235294117647,0.288389513108614,0.287292817679558,0.241176470588235
8,Xena,0.123595505617978,0.121546961325967,0.1,0.104868913857678,0.143646408839779,0.0970588235294118
8,Xena,0.0936329588014981,0.110497237569061,0.0955882352941176,0.112359550561798,0.138121546961326,0.0823529411764706
8,Xena,0.0936329588014981,0.12707182320442,0.108823529411765,0.116104868913858,0.154696132596685,0.0823529411764706
8,Xena,0.0599250936329588,0.154696132596685,0.122058823529412,0.108614232209738,0.12707182320442,0.105882352941176
8,Xena,0.104868913857678,0.12707182320442,0.129411764705882,0.138576779026217,0.12707182320442,0.0897058823529412
8,Xena,0.101123595505618,0.154696132596685,0.127941176470588,0.138576779026217,0.160220994475138,0.107352941176471
8,Xena,0.0936329588014981,0.171270718232044,0.160294117647059,0.138576779026217,0.171270718232044,0.119117647058824
8,Xena,0.119850187265918,0.187845303867403,0.148529411764706,0.153558052434457,0.165745856353591,0.111764705882353
9,Xena,0.117647058823529,0.174757281553398,0.130548302872063,0.117647058823529,0.12621359223301,0.101827676240209
9,Xena,0.117647058823529,0.194174757281553,0.122715404699739,0.150326797385621,0.16504854368932,0.101827676240209
9,Xena,0.117647058823529,0.174757281553398,0.140992167101828,0.163398692810458,0.145631067961165,0.0861618798955614
9,Xena,0.169934640522876,0.184466019417476,0.133159268929504,0.130718954248366,0.145631067961165,0.117493472584856
9,Xena,0.130718954248366,0.184466019417476,0.117493472584856,0.169934640522876,0.145631067961165,0.10443864229765
9,Xena,0.143790849673203,0.194174757281553,0.12532637075718,0.156862745098039,0.106796116504854,0.0939947780678851
9,Xena,0.143790849673203,0.194174757281553,0.151436031331593,0.163398692810458,0.174757281553398,0.101827676240209
9,Xena,0.176470588235294,0.194174757281553,0.154046997389034,0.183006535947712,0.155339805825243,0.117493472584856
9,Xena,0.150326797385621,0.223300970873786,0.159268929503916,0.202614379084967,0.155339805825243,0.112271540469974
9,Xena,0.124183006535948,0.203883495145631,0.148825065274151,0.169934640522876,0.16504854368932,0.138381201044386
9,Xena,0.124183006535948,0.233009708737864,0.148825065274151,0.189542483660131,0.184466019417476,0.122715404699739
9,Xena,0.176470588235294,0.252427184466019,0.16710182767624,0.209150326797386,0.174757281553398,0.172323759791123
9,Xena,0.0196078431372549,0.0485436893203883,0.0365535248041775,0.0326797385620915,0.0388349514563107,0.0234986945169713
9,Xena,0.0392156862745098,0.029126213592233,0.0469973890339426,0.0326797385620915,0.029126213592233,0.0261096605744125
9,Xena,0.065359477124183,0.0388349514563107,0.0600522193211488,0.0457516339869281,0.0485436893203883,0.0469973890339426
9,Xena,0.0784313725490196,0.0970873786407767,0.0783289817232376,0.0588235294117647,0.0485436893203883,0.0574412532637076
9,Xena,0.150326797385621,0.135922330097087,0.0992167101827676,0.117647058823529,0.087378640776699,0.101827676240209
9,Xena,0.104575163398693,0.135922330097087,0.107049608355091,0.130718954248366,0.12621359223301,0.130548302872063
9,Xena,0.143790849673203,0.106796116504854,0.114882506527415,0.150326797385621,0.16504854368932,0.133159268929504
9,Xena,0.150326797385621,0.16504854368932,0.127937336814621,0.0980392156862745,0.194174757281553,0.174934725848564
10,Xena,0.0212121212121212,0.0424242424242424,0.0230664857530529,0.0484848484848485,0.0242424242424242,0.028493894165536
10,Xena,0.0575757575757576,0.0606060606060606,0.0556309362279511,0.0757575757575758,0.0424242424242424,0.0515603799185889
10,Xena,0.172727272727273,0.121212121212121,0.141112618724559,0.160606060606061,0.145454545454545,0.134328358208955
10,Xena,0.263636363636364,0.23030303030303,0.252374491180461,0.275757575757576,0.296969696969697,0.210312075983718
10,Xena,0.260606060606061,0.284848484848485,0.275440976933514,0.284848484848485,0.266666666666667,0.261872455902307
10,Xena,0.239393939393939,0.248484848484848,0.265943012211669,0.248484848484848,0.236363636363636,0.223880597014925
10,Xena,0.275757575757576,0.260606060606061,0.279511533242877,0.278787878787879,0.2,0.260515603799186
10,Xena,0.236363636363636,0.254545454545455,0.263229308005427,0.266666666666667,0.218181818181818,0.226594301221167
10,Xena,0.248484848484848,0.266666666666667,0.255088195386703,0.221212121212121,0.224242424242424,0.218453188602442
10,Xena,0.209090909090909,0.187878787878788,0.207598371777476,0.209090909090909,0.157575757575758,0.199457259158752
10,Xena,0.196969696969697,0.193939393939394,0.204884667571235,0.175757575757576,0.187878787878788,0.189959294436906
10,Xena,0.181818181818182,0.242424242424242,0.207598371777476,0.242424242424242,0.2,0.187245590230665
10,Xena,0.0818181818181818,0.0484848484848485,0.0664857530529172,0.0575757575757576,0.0787878787878788,0.0610583446404342
10,Xena,0.0636363636363636,0.0424242424242424,0.0529172320217096,0.0545454545454545,0.0242424242424242,0.0447761194029851
10,Xena,0.0575757575757576,0.0303030303030303,0.033921302578019,0.0545454545454545,0.0424242424242424,0.039348710990502
10,Xena,0.0696969696969697,0.0363636363636364,0.0488466757123474,0.0515151515151515,0.0424242424242424,0.0556309362279511
10,Xena,0.0696969696969697,0.0242424242424242,0.0461329715061058,0.0606060606060606,0.0606060606060606,0.0474898236092266
10,Xena,0.0727272727272727,0.0484848484848485,0.0407055630936228,0.0727272727272727,0.0606060606060606,0.0407055630936228
10,Xena,0.0666666666666667,0.0606060606060606,0.0502035278154681,0.0727272727272727,0.0606060606060606,0.0515603799185889
10,Xena,0.0727272727272727,0.0545454545454545,0.0474898236092266,0.0666666666666667,0.0787878787878788,0.0597014925373134
11,Xena,0.105263157894737,0.0922330097087379,0.113892365456821,0.145510835913313,0.12621359223301,0.097622027534418
11,Xena,0.188854489164087,0.189320388349515,0.160200250312891,0.176470588235294,0.199029126213592,0.136420525657071
11,Xena,0.160990712074303,0.179611650485437,0.145181476846058,0.170278637770898,0.135922330097087,0.11514392991239
11,Xena,0.1671826625387,0.199029126213592,0.160200250312891,0.185758513931889,0.0970873786407767,0.120150187734668
11,Xena,0.198142414860681,0.203883495145631,0.197747183979975,0.207430340557276,0.155339805825243,0.136420525657071
11,Xena,0.195046439628483,0.223300970873786,0.161451814768461,0.185758513931889,0.131067961165049,0.141426783479349
11,Xena,0.201238390092879,0.223300970873786,0.166458072590738,0.188854489164087,0.184466019417476,0.135168961201502
11,Xena,0.191950464396285,0.16504854368932,0.155193992490613,0.173374613003096,0.140776699029126,0.111389236545682
11,Xena,0.173374613003096,0.179611650485437,0.13892365456821,0.151702786377709,0.131067961165049,0.107634543178974
11,Xena,0.154798761609907,0.16504854368932,0.126408010012516,0.1671826625387,0.140776699029126,0.0901126408010012
11,Xena,0.1671826625387,0.169902912621359,0.128911138923655,0.148606811145511,0.135922330097087,0.0951188986232791
11,Xena,0.13312693498452,0.179611650485437,0.142678347934919,0.1671826625387,0.140776699029126,0.102628285356696
11,Xena,0.00619195046439629,0.0194174757281553,0.0175219023779725,0.0185758513931889,0.029126213592233,0.00876095118898623
11,Xena,0.00309597523219814,0.0194174757281553,0.0150187734668335,0.00928792569659443,0.0145631067961165,0.0125156445556946
11,Xena,0.00928792569659443,0.0194174757281553,0.016270337922403,0.0185758513931889,0.00485436893203883,0.0137672090112641
11,Xena,0.00928792569659443,0.00970873786407767,0.0175219023779725,0.0185758513931889,0.0242718446601942,0.00750938673341677
11,Xena,0.00619195046439629,0.0145631067961165,0.0137672090112641,0.00619195046439629,0.0145631067961165,0.00750938673341677
11,Xena,0.00928792569659443,0.00970873786407767,0.0212765957446809,0.0247678018575851,0.029126213592233,0.0137672090112641
11,Xena,0.0123839009287926,0.0145631067961165,0.0262828535669587,0.0154798761609907,0.0388349514563107,0.0200250312891114
11,Xena,0.00928792569659443,0.0242718446601942,0.0287859824780976,0.0154798761609907,0.0194174757281553,0.016270337922403
12,Xena,0.0445103857566766,0.0805687203791469,0.0749711649365629,0.086053412462908,0.0663507109004739,0.0761245674740484
12,Xena,0.056379821958457,0.0853080568720379,0.0784313725490196,0.0830860534124629,0.0568720379146919,0.0668973471741638
12,Xena,0.0504451038575668,0.0805687203791469,0.0703575547866205,0.0712166172106825,0.0758293838862559,0.0645905420991926
12,Xena,0.0474777448071217,0.0947867298578199,0.0738177623990773,0.056379821958457,0.0521327014218009,0.0565167243367935
12,Xena,0.0712166172106825,0.0758293838862559,0.0784313725490196,0.100890207715134,0.0710900473933649,0.0784313725490196
12,Xena,0.160237388724036,0.161137440758294,0.133794694348328,0.166172106824926,0.180094786729858,0.145328719723183
12,Xena,0.261127596439169,0.218009478672986,0.264129181084198,0.267062314540059,0.222748815165877,0.224913494809689
12,Xena,0.323442136498516,0.327014218009479,0.298731257208766,0.326409495548961,0.289099526066351,0.288350634371396
12,Xena,0.356083086053412,0.289099526066351,0.337946943483276,0.382789317507418,0.383886255924171,0.328719723183391
12,Xena,0.376854599406528,0.37914691943128,0.344867358708189,0.373887240356083,0.383886255924171,0.356401384083045
12,Xena,0.382789317507418,0.322274881516588,0.377162629757785,0.359050445103858,0.369668246445498,0.36562860438293
12,Xena,0.394658753709199,0.388625592417062,0.374855824682814,0.359050445103858,0.345971563981043,0.382929642445213
12,Xena,0.160237388724036,0.203791469194313,0.155709342560554,0.160237388724036,0.180094786729858,0.170703575547866
12,Xena,0.0919881305637982,0.156398104265403,0.129181084198385,0.130563798219585,0.0947867298578199,0.100346020761246
12,Xena,0.109792284866469,0.151658767772512,0.115340253748558,0.0890207715133531,0.123222748815166,0.100346020761246
12,Xena,0.112759643916914,0.14218009478673,0.107266435986159,0.0949554896142433,0.0947867298578199,0.0899653979238754
12,Xena,0.112759643916914,0.14218009478673,0.0945790080738178,0.0801186943620178,0.0900473933649289,0.0876585928489043
12,Xena,0.0890207715133531,0.0616113744075829,0.0807381776239908,0.0652818991097923,0.104265402843602,0.0818915801614764
12,Xena,0.0890207715133531,0.113744075829384,0.0807381776239908,0.0830860534124629,0.0900473933649289,0.0761245674740484
12,Xena,0.103857566765579,0.104265402843602,0.0795847750865052,0.0712166172106825,0.0947867298578199,0.0703575547866205
13,Xena,0.0110497237569061,0.0120481927710843,0.010752688172043,0.0110497237569061,0,0.00268817204301075
13,Xena,0.00552486187845304,0.0120481927710843,0.00806451612903226,0.0110497237569061,0,0.00268817204301075
13,Xena,0.0110497237569061,0,0.010752688172043,0.00552486187845304,0.0120481927710843,0.00537634408602151
13,Xena,0.00552486187845304,0,0.00537634408602151,0.0110497237569061,0.0120481927710843,0.00268817204301075
13,Xena,0.00552486187845304,0,0.00537634408602151,0.00552486187845304,0.0120481927710843,0.00268817204301075
13,Xena,0.0165745856353591,0.0120481927710843,0.00537634408602151,0.00552486187845304,0.0120481927710843,0.00268817204301075
13,Xena,0.0552486187845304,0.0240963855421687,0.0349462365591398,0.0331491712707182,0.0240963855421687,0.0188172043010753
13,Xena,0.149171270718232,0.168674698795181,0.155913978494624,0.149171270718232,0.156626506024096,0.145161290322581
13,Xena,0.248618784530387,0.253012048192771,0.255376344086022,0.204419889502762,0.156626506024096,0.225806451612903
13,Xena,0.30939226519337,0.349397590361446,0.28494623655914,0.226519337016575,0.192771084337349,0.244623655913978
13,Xena,0.30939226519337,0.289156626506024,0.317204301075269,0.259668508287293,0.27710843373494,0.306451612903226
13,Xena,0.331491712707182,0.325301204819277,0.301075268817204,0.276243093922652,0.36144578313253,0.293010752688172
13,Xena,0.18232044198895,0.27710843373494,0.201612903225806,0.12707182320442,0.144578313253012,0.155913978494624
13,Xena,0.132596685082873,0.156626506024096,0.14247311827957,0.121546961325967,0.108433734939759,0.0967741935483871
13,Xena,0.0939226519337017,0.0963855421686747,0.137096774193548,0.110497237569061,0.132530120481928,0.104838709677419
13,Xena,0.116022099447514,0.0963855421686747,0.110215053763441,0.110497237569061,0.0843373493975904,0.10752688172043
13,Xena,0.104972375690608,0.0963855421686747,0.0967741935483871,0.0883977900552486,0.0602409638554217,0.115591397849462
13,Xena,0.0828729281767956,0.0602409638554217,0.0833333333333333,0.0828729281767956,0.072289156626506,0.0725806451612903
13,Xena,0.0662983425414365,0.0602409638554217,0.0887096774193548,0.0828729281767956,0.0481927710843374,0.0645161290322581
13,Xena,0.0883977900552486,0.0843373493975904,0.0725806451612903,0.0718232044198895,0.0240963855421687,0.0591397849462366
14,Euler,0.106666666666667,0.0697674418604651,0.109090909090909,0.0933333333333333,0.0310077519379845,0.0618181818181818
14,Euler,0.151111111111111,0.131782945736434,0.149090909090909,0.106666666666667,0.0542635658914729,0.08
14,Euler,0.151111111111111,0.116279069767442,0.16,0.142222222222222,0.0465116279069767,0.134545454545455
14,Euler,0.164444444444444,0.116279069767442,0.145454545454545,0.102222222222222,0.0310077519379845,0.127272727272727
14,Euler,0.124444444444444,0.0930232558139535,0.127272727272727,0.0711111111111111,0.0542635658914729,0.08
14,Euler,0.155555555555556,0.062015503875969,0.134545454545455,0.173333333333333,0.0930232558139535,0.134545454545455
14,Euler,0.124444444444444,0.124031007751938,0.109090909090909,0.111111111111111,0.13953488372093,0.112727272727273
14,Euler,0.115555555555556,0.131782945736434,0.134545454545455,0.124444444444444,0.116279069767442,0.138181818181818
14,Euler,0.102222222222222,0.0930232558139535,0.109090909090909,0.106666666666667,0.108527131782946,0.0981818181818182
14,Euler,0.0977777777777778,0.0542635658914729,0.0545454545454545,0.0666666666666667,0.0465116279069767,0.04
14,Euler,0.0755555555555556,0.0465116279069767,0.0545454545454545,0.0488888888888889,0.0465116279069767,0.0254545454545455
14,Euler,0.0666666666666667,0.0310077519379845,0.0218181818181818,0.0355555555555556,0.0155038759689922,0.0254545454545455
14,Euler,0.0533333333333333,0.0310077519379845,0.0181818181818182,0.0266666666666667,0.0232558139534884,0.0436363636363636
14,Euler,0.0355555555555556,0.0310077519379845,0.0109090909090909,0.0177777777777778,0,0.0181818181818182
14,Euler,0.0177777777777778,0.0232558139534884,0.00363636363636364,0.0177777777777778,0.00775193798449612,0
14,Euler,0.0222222222222222,0.00775193798449612,0.0145454545454545,0.0133333333333333,0.00775193798449612,0.00363636363636364
14,Euler,0.0177777777777778,0.00775193798449612,0.0145454545454545,0.0177777777777778,0,0.00363636363636364
15,Euler,0.11377245508982,0.106951871657754,0.150423728813559,0.0538922155688623,0.0641711229946524,0.0635593220338983
15,Euler,0.167664670658683,0.144385026737968,0.216101694915254,0.149700598802395,0.106951871657754,0.125
15,Euler,0.18562874251497,0.155080213903743,0.194915254237288,0.116766467065868,0.106951871657754,0.101694915254237
15,Euler,0.170658682634731,0.192513368983957,0.205508474576271,0.152694610778443,0.165775401069519,0.163135593220339
15,Euler,0.161676646706587,0.171122994652406,0.197033898305085,0.092814371257485,0.128342245989305,0.122881355932203
15,Euler,0.176646706586826,0.128342245989305,0.201271186440678,0.101796407185629,0.133689839572193,0.103813559322034
15,Euler,0.158682634730539,0.160427807486631,0.169491525423729,0.11377245508982,0.0855614973262032,0.110169491525424
15,Euler,0.143712574850299,0.106951871657754,0.161016949152542,0.0688622754491018,0.106951871657754,0.0974576271186441
15,Euler,0.125748502994012,0.128342245989305,0.165254237288136,0.0658682634730539,0.0641711229946524,0.0995762711864407
15,Euler,0.0898203592814371,0.0641711229946524,0.11864406779661,0.0658682634730539,0.0588235294117647,0.0614406779661017
15,Euler,0.0808383233532934,0.0748663101604278,0.0889830508474576,0.0538922155688623,0.0106951871657754,0.0254237288135593
15,Euler,0.062874251497006,0.0695187165775401,0.0550847457627119,0.029940119760479,0.0213903743315508,0.0275423728813559
15,Euler,0.0598802395209581,0.0481283422459893,0.048728813559322,0.0239520958083832,0.0106951871657754,0.0275423728813559
15,Euler,0.0419161676646707,0.0213903743315508,0.0402542372881356,0.029940119760479,0.0160427807486631,0.0127118644067797
15,Euler,0.029940119760479,0.0106951871657754,0.0190677966101695,0.0029940119760479,0.0053475935828877,0.00635593220338983
15,Euler,0.0269461077844311,0.0160427807486631,0.0233050847457627,0.00598802395209581,0.0053475935828877,0.00211864406779661
15,Euler,0.0209580838323353,0.0106951871657754,0.0190677966101695,0.00598802395209581,0,0.00635593220338983
16,Euler,0.0358306188925081,0.0469798657718121,0.0352250489236791,0.00977198697068404,0.0402684563758389,0.0136986301369863
16,Euler,0.0781758957654723,0.140939597315436,0.117416829745597,0.0488599348534202,0.0469798657718121,0.0391389432485323
16,Euler,0.107491856677524,0.12751677852349,0.12720156555773,0.0977198697068404,0.0805369127516778,0.060665362035225
16,Euler,0.179153094462541,0.147651006711409,0.158512720156556,0.140065146579805,0.100671140939597,0.086105675146771
16,Euler,0.172638436482085,0.114093959731544,0.154598825831703,0.117263843648208,0.0671140939597315,0.0626223091976517
16,Euler,0.149837133550489,0.134228187919463,0.13894324853229,0.0846905537459283,0.100671140939597,0.0587084148727984
16,Euler,0.127035830618893,0.147651006711409,0.12720156555773,0.0814332247557003,0.087248322147651,0.0665362035225049
16,Euler,0.104234527687296,0.147651006711409,0.101761252446184,0.0846905537459283,0.0402684563758389,0.0645792563600783
16,Euler,0.107491856677524,0.134228187919463,0.10958904109589,0.0749185667752443,0.0536912751677852,0.050880626223092
16,Euler,0.0977198697068404,0.154362416107383,0.107632093933464,0.0488599348534202,0.0201342281879195,0.0410958904109589
16,Euler,0.0846905537459283,0.140939597315436,0.105675146771037,0.0651465798045603,0.0134228187919463,0.0352250489236791
16,Euler,0.0846905537459283,0.12751677852349,0.0704500978473581,0.0488599348534202,0.0134228187919463,0.0215264187866928
16,Euler,0.0390879478827362,0.0536912751677852,0.0469667318982387,0.0260586319218241,0,0.0215264187866928
16,Euler,0.0390879478827362,0.0402684563758389,0.0391389432485323,0.0162866449511401,0,0.0117416829745597
16,Euler,0.0358306188925081,0.0469798657718121,0.0410958904109589,0.00651465798045603,0.0134228187919463,0.0117416829745597
16,Euler,0.0390879478827362,0.0335570469798658,0.0371819960861057,0.00977198697068404,0.00671140939597315,0.00587084148727984
16,Euler,0.0325732899022801,0.0134228187919463,0.0313111545988258,0.0130293159609121,0,0.00978473581213307
17,Euler,0.0101351351351351,0.0289855072463768,0.0306345733041575,0.0202702702702703,0.0144927536231884,0.0131291028446389
17,Euler,0.0439189189189189,0.0797101449275362,0.050328227571116,0.0101351351351351,0.0217391304347826,0.0328227571115974
17,Euler,0.125,0.0942028985507246,0.153172866520788,0.108108108108108,0.072463768115942,0.109409190371991
17,Euler,0.182432432432432,0.144927536231884,0.203501094091904,0.138513513513514,0.072463768115942,0.0962800875273523
17,Euler,0.172297297297297,0.130434782608696,0.199124726477024,0.108108108108108,0.130434782608696,0.087527352297593
17,Euler,0.131756756756757,0.115942028985507,0.170678336980306,0.0912162162162162,0.108695652173913,0.100656455142232
17,Euler,0.121621621621622,0.101449275362319,0.12253829321663,0.0844594594594595,0.13768115942029,0.087527352297593
17,Euler,0.125,0.0869565217391304,0.115973741794311,0.0878378378378378,0.101449275362319,0.0765864332603939
17,Euler,0.10472972972973,0.0942028985507246,0.113785557986871,0.0608108108108108,0.0434782608695652,0.0525164113785558
17,Euler,0.0844594594594595,0.0869565217391304,0.111597374179431,0.0675675675675676,0.072463768115942,0.0525164113785558
17,Euler,0.0810810810810811,0.072463768115942,0.0765864332603939,0.0337837837837838,0.0652173913043478,0.050328227571116
17,Euler,0.0439189189189189,0.0434782608695652,0.0568927789934354,0.0202702702702703,0.0289855072463768,0.0306345733041575
17,Euler,0.0405405405405405,0.0434782608695652,0.0525164113785558,0.0337837837837838,0.0434782608695652,0.0306345733041575
17,Euler,0.027027027027027,0.0144927536231884,0.0415754923413567,0.0304054054054054,0.0217391304347826,0.0175054704595186
17,Euler,0.0236486486486486,0.0072463768115942,0.0350109409190372,0.027027027027027,0,0.0153172866520788
17,Euler,0.0168918918918919,0.0072463768115942,0.0306345733041575,0.0168918918918919,0.0144927536231884,0.00437636761487965
18,Euler,0.0886075949367089,0.0821917808219178,0.0723404255319149,0.0949367088607595,0.0684931506849315,0.0468085106382979
18,Euler,0.113924050632911,0.123287671232877,0.11063829787234,0.10126582278481,0.0684931506849315,0.102127659574468
18,Euler,0.0949367088607595,0.123287671232877,0.119148936170213,0.0759493670886076,0.0547945205479452,0.0893617021276596
18,Euler,0.158227848101266,0.150684931506849,0.0808510638297872,0.0759493670886076,0.0821917808219178,0.0425531914893617
18,Euler,0.113924050632911,0.123287671232877,0.0936170212765957,0.107594936708861,0.0684931506849315,0.0595744680851064
18,Euler,0.107594936708861,0.10958904109589,0.0723404255319149,0.107594936708861,0.0273972602739726,0.0851063829787234
18,Euler,0.126582278481013,0.0684931506849315,0.0765957446808511,0.0759493670886076,0.0958904109589041,0.0765957446808511
18,Euler,0.107594936708861,0.0684931506849315,0.0808510638297872,0.0759493670886076,0.0684931506849315,0.051063829787234
18,Euler,0.0632911392405063,0.0136986301369863,0.0468085106382979,0.0443037974683544,0.0410958904109589,0.025531914893617
18,Euler,0.0253164556962025,0.0273972602739726,0.0765957446808511,0.0126582278481013,0,0.0212765957446809
18,Euler,0.0316455696202532,0.0136986301369863,0.0382978723404255,0.0189873417721519,0.0273972602739726,0.0212765957446809
18,Euler,0.0126582278481013,0,0.0127659574468085,0.0126582278481013,0,0.00851063829787234
18,Euler,0.0126582278481013,0,0,0.0189873417721519,0,0.0127659574468085
19,Euler,0.0897097625329815,0.110497237569061,0.0981308411214953,0.0316622691292876,0.0331491712707182,0.0545171339563863
19,Euler,0.147757255936675,0.165745856353591,0.14018691588785,0.116094986807388,0.0828729281767956,0.115264797507788
19,Euler,0.160949868073879,0.165745856353591,0.137071651090343,0.118733509234828,0.0939226519337017,0.14018691588785
19,Euler,0.189973614775726,0.176795580110497,0.151090342679128,0.158311345646438,0.121546961325967,0.144859813084112
19,Euler,0.174142480211082,0.176795580110497,0.163551401869159,0.110817941952507,0.0828729281767956,0.104361370716511
19,Euler,0.182058047493404,0.193370165745856,0.157320872274143,0.118733509234828,0.154696132596685,0.0825545171339564
19,Euler,0.129287598944591,0.149171270718232,0.126168224299065,0.118733509234828,0.0662983425414365,0.0856697819314642
19,Euler,0.129287598944591,0.116022099447514,0.126168224299065,0.105540897097625,0.0718232044198895,0.0841121495327103
19,Euler,0.131926121372032,0.104972375690608,0.105919003115265,0.0923482849604222,0.0718232044198895,0.0841121495327103
19,Euler,0.0870712401055409,0.0939226519337017,0.0903426791277259,0.0369393139841689,0.0276243093922652,0.0498442367601246
19,Euler,0.0844327176781003,0.0883977900552486,0.0856697819314642,0.0369393139841689,0.0386740331491713,0.0358255451713396
19,Euler,0.0395778364116095,0.0828729281767956,0.0560747663551402,0.0184696569920844,0.0110497237569061,0.0202492211838006
19,Euler,0.0738786279683377,0.0662983425414365,0.0685358255451713,0.0474934036939314,0.0331491712707182,0.0327102803738318
19,Euler,0.0474934036939314,0.0773480662983425,0.0404984423676012,0.0474934036939314,0.0386740331491713,0.0233644859813084
19,Euler,0.0263852242744063,0.0552486187845304,0.0233644859813084,0.0131926121372032,0.0165745856353591,0.0155763239875389
19,Euler,0.0237467018469657,0.0386740331491713,0.0249221183800623,0.0158311345646438,0.0110497237569061,0.0124610591900312
19,Euler,0.0211081794195251,0.0331491712707182,0.0249221183800623,0.00527704485488127,0.0110497237569061,0.0155763239875389
20,Xena,0.0154525386313466,0.00336700336700337,0.0204808548530721,0.0132450331125828,0.0168350168350168,0.0106856634016028
20,Xena,0.0772626931567329,0.0707070707070707,0.0828138913624221,0.0927152317880795,0.0942760942760943,0.0578806767586821
20,Xena,0.0949227373068433,0.0808080808080808,0.103294746215494,0.0905077262693157,0.0774410774410774,0.0845948352626892
20,Xena,0.136865342163355,0.141414141414141,0.152270703472841,0.172185430463576,0.168350168350168,0.139804096170971
20,Xena,0.178807947019868,0.144781144781145,0.167408726625111,0.169977924944812,0.168350168350168,0.13713268032057
20,Xena,0.116997792494481,0.0909090909090909,0.120213713268032,0.0971302428256071,0.101010101010101,0.0863757791629564
20,Xena,0.119205298013245,0.117845117845118,0.136242208370436,0.108167770419426,0.101010101010101,0.0765805877114871
20,Xena,0.121412803532009,0.134680134680135,0.132680320569902,0.103752759381898,0.124579124579125,0.104185218165628
20,Xena,0.105960264900662,0.134680134680135,0.111308993766696,0.101545253863135,0.104377104377104,0.0890471950133571
20,Xena,0.101545253863135,0.0740740740740741,0.0926090828138914,0.103752759381898,0.0875420875420875,0.0828138913624221
20,Xena,0.0728476821192053,0.117845117845118,0.0961709706144256,0.101545253863135,0.101010101010101,0.104185218165628
20,Xena,0.0706401766004415,0.0774410774410774,0.0854853072128228,0.0860927152317881,0.0774410774410774,0.0810329474621549
21,Xena,0,0,0,0,0,0
21,Xena,0.00546448087431694,0.005,0.00625782227784731,0.0109289617486339,0,0.00625782227784731
21,Xena,0.040983606557377,0.05,0.0500625782227785,0.0573770491803279,0.06,0.0588235294117647
21,Xena,0.112021857923497,0.14,0.142678347934919,0.158469945355191,0.09,0.118898623279099
21,Xena,0.112021857923497,0.2,0.155193992490613,0.163934426229508,0.17,0.143929912390488
21,Xena,0.180327868852459,0.2,0.175219023779725,0.183060109289617,0.15,0.1639549436796
21,Xena,0.147540983606557,0.17,0.170212765957447,0.172131147540984,0.14,0.170212765957447
21,Xena,0.177595628415301,0.2,0.192740926157697,0.215846994535519,0.135,0.201501877346683
21,Xena,0.136612021857924,0.155,0.14017521902378,0.133879781420765,0.1,0.147684605757196
21,Xena,0.150273224043716,0.14,0.136420525657071,0.153005464480874,0.1,0.108886107634543
21,Xena,0.144808743169399,0.145,0.131414267834793,0.122950819672131,0.105,0.0988735919899875
21,Xena,0.103825136612022,0.1,0.112640801001252,0.117486338797814,0.09,0.0775969962453066
21,Xena,0.046448087431694,0.07,0.0663329161451815,0.0601092896174863,0.02,0.0500625782227785
21,Xena,0.0382513661202186,0.045,0.065081351689612,0.0628415300546448,0.06,0.0450563204005006
21,Xena,0.0300546448087432,0.05,0.0613266583229036,0.0683060109289618,0.055,0.0425531914893617
21,Xena,0.0191256830601093,0.05,0.0575719649561952,0.0573770491803279,0.035,0.0250312891113892
21,Xena,0.0136612021857923,0.045,0.0463078848560701,0.0519125683060109,0.03,0.0287859824780976
22,Xena,0,0,0,0,0,0
22,Xena,0.00683371298405467,0,0.00604838709677419,0.0113895216400911,0.00446428571428571,0.00201612903225806
22,Xena,0.0182232346241458,0.0178571428571429,0.030241935483871,0.0250569476082005,0.0491071428571429,0.0181451612903226
22,Xena,0.0911161731207289,0.09375,0.102822580645161,0.0979498861047836,0.09375,0.094758064516129
22,Xena,0.136674259681093,0.107142857142857,0.126008064516129,0.127562642369021,0.107142857142857,0.111895161290323
22,Xena,0.118451025056948,0.129464285714286,0.129032258064516,0.104783599088838,0.09375,0.0997983870967742
22,Xena,0.129840546697039,0.120535714285714,0.125,0.10250569476082,0.138392857142857,0.115927419354839
22,Xena,0.152619589977221,0.147321428571429,0.15625,0.145785876993166,0.169642857142857,0.115927419354839
22,Xena,0.161731207289294,0.191964285714286,0.16633064516129,0.186788154897494,0.196428571428571,0.138104838709677
22,Xena,0.175398633257403,0.15625,0.172379032258065,0.154897494305239,0.160714285714286,0.131048387096774
22,Xena,0.111617312072893,0.0982142857142857,0.121975806451613,0.116173120728929,0.138392857142857,0.0796370967741935
22,Xena,0.118451025056948,0.138392857142857,0.104838709677419,0.10250569476082,0.107142857142857,0.104838709677419
22,Xena,0.0956719817767654,0.120535714285714,0.09375,0.100227790432802,0.107142857142857,0.0977822580645161
22,Xena,0.0888382687927107,0.116071428571429,0.0907258064516129,0.0865603644646925,0.0982142857142857,0.0846774193548387
22,Xena,0.0751708428246014,0.111607142857143,0.0836693548387097,0.082004555808656,0.111607142857143,0.0816532258064516
22,Xena,0.0774487471526196,0.0892857142857143,0.0897177419354839,0.0660592255125285,0.0892857142857143,0.0826612903225806
22,Xena,0.0637813211845103,0.09375,0.061491935483871,0.0546697038724374,0.0848214285714286,0.0675403225806452
23,Xena,0.00522193211488251,0.00561797752808989,0.00480192076830732,0.00522193211488251,0.00561797752808989,0.00480192076830732
23,Xena,0.0365535248041775,0.0337078651685393,0.0372148859543818,0.0234986945169713,0.0449438202247191,0.0324129651860744
23,Xena,0.0600522193211488,0.0674157303370786,0.0672268907563025,0.0417754569190601,0.0730337078651685,0.0696278511404562
23,Xena,0.0861618798955614,0.0898876404494382,0.120048019207683,0.0835509138381201,0.0898876404494382,0.0792316926770708
23,Xena,0.127937336814621,0.0842696629213483,0.114045618247299,0.10443864229765,0.123595505617978,0.099639855942377
23,Xena,0.117493472584856,0.117977528089888,0.114045618247299,0.138381201044386,0.134831460674157,0.102040816326531
23,Xena,0.0992167101827676,0.0730337078651685,0.115246098439376,0.12532637075718,0.0898876404494382,0.100840336134454
23,Xena,0.151436031331593,0.0955056179775281,0.138055222088836,0.138381201044386,0.0730337078651685,0.106842737094838
23,Xena,0.190600522193211,0.106741573033708,0.175270108043217,0.148825065274151,0.179775280898876,0.129651860744298
23,Xena,0.143603133159269,0.117977528089888,0.17046818727491,0.14621409921671,0.168539325842697,0.115246098439376
23,Xena,0.112271540469974,0.0730337078651685,0.153661464585834,0.138381201044386,0.129213483146067,0.0768307322929172
23,Xena,0.112271540469974,0.0617977528089888,0.106842737094838,0.114882506527415,0.112359550561798,0.0732292917166867
23,Xena,0.0783289817232376,0.0561797752808989,0.078031212484994,0.107049608355091,0.101123595505618,0.0720288115246098
24,Xena,0,0,0.0011441647597254,0,0,0
24,Xena,0,0,0.0068649885583524,0.00542005420054201,0,0.0011441647597254
24,Xena,0.010840108401084,0.00858369098712446,0.0217391304347826,0.032520325203252,0.0300429184549356,0.0137299771167048
24,Xena,0.102981029810298,0.0772532188841202,0.116704805491991,0.0894308943089431,0.0901287553648069,0.0720823798627002
24,Xena,0.176151761517615,0.11587982832618,0.18649885583524,0.127371273712737,0.107296137339056,0.116704805491991
24,Xena,0.173441734417344,0.137339055793991,0.170480549199085,0.138211382113821,0.124463519313305,0.108695652173913
24,Xena,0.121951219512195,0.137339055793991,0.15675057208238,0.0867208672086721,0.0858369098712446,0.0823798627002288
24,Xena,0.146341463414634,0.103004291845494,0.157894736842105,0.10840108401084,0.124463519313305,0.101830663615561
24,Xena,0.130081300813008,0.137339055793991,0.118993135011442,0.100271002710027,0.103004291845494,0.097254004576659
24,Xena,0.124661246612466,0.124463519313305,0.125858123569794,0.0948509485094851,0.137339055793991,0.0995423340961098
24,Xena,0.138211382113821,0.120171673819742,0.106407322654462,0.0921409214092141,0.120171673819742,0.0892448512585812
24,Xena,0.0975609756097561,0.111587982832618,0.102974828375286,0.0596205962059621,0.0815450643776824,0.0983981693363844
24,Xena,0.0704607046070461,0.0729613733905579,0.0926773455377574,0.0569105691056911,0.0815450643776824,0.0675057208237986
25,Xena,0,0,0,0,0,0
25,Xena,0.004,0.0127388535031847,0.00350262697022767,0.004,0,0
25,Xena,0.004,0.0127388535031847,0.00350262697022767,0.004,0,0.00875656742556918
25,Xena,0.072,0.0955414012738854,0.0560420315236427,0.056,0.0636942675159236,0.0770577933450088
25,Xena,0.148,0.184713375796178,0.129597197898424,0.112,0.0764331210191083,0.129597197898424
25,Xena,0.176,0.222929936305732,0.201401050788091,0.188,0.127388535031847,0.161120840630473
25,Xena,0.236,0.191082802547771,0.204903677758319,0.172,0.10828025477707,0.183887915936953
25,Xena,0.224,0.165605095541401,0.183887915936953,0.172,0.0955414012738854,0.17338003502627
25,Xena,0.152,0.127388535031847,0.117338003502627,0.112,0.0764331210191083,0.115586690017513
25,Xena,0.148,0.133757961783439,0.108581436077058,0.128,0.10828025477707,0.110332749562172
25,Xena,0.112,0.121019108280255,0.124343257443082,0.092,0.101910828025478,0.110332749562172
25,Xena,0.108,0.089171974522293,0.0840630472854641,0.1,0.0828025477707006,0.0998248686514886
25,Xena,0.116,0.0764331210191083,0.0753064798598949,0.084,0.0764331210191083,0.0840630472854641
25,Xena,0.08,0.114649681528662,0.0893169877408056,0.064,0.0700636942675159,0.0963222416812609
25,Xena,0.08,0.101910828025478,0.0735551663747811,0.06,0.0636942675159236,0.0823117338003503
26,Xena,0,0,0,0,0,0
26,Xena,0,0,0.0029940119760479,0,0,0.0029940119760479
26,Xena,0.020979020979021,0.0333333333333333,0.0269461077844311,0.0559440559440559,0.0333333333333333,0.029940119760479
26,Xena,0.181818181818182,0.3,0.218562874251497,0.202797202797203,0.116666666666667,0.209580838323353
26,Xena,0.230769230769231,0.2,0.248502994011976,0.244755244755245,0.233333333333333,0.245508982035928
26,Xena,0.251748251748252,0.233333333333333,0.266467065868263,0.237762237762238,0.283333333333333,0.230538922155689
26,Xena,0.363636363636364,0.316666666666667,0.287425149700599,0.258741258741259,0.283333333333333,0.278443113772455
26,Xena,0.244755244755245,0.25,0.233532934131737,0.202797202797203,0.166666666666667,0.173652694610778
26,Xena,0.300699300699301,0.183333333333333,0.191616766467066,0.188811188811189,0.183333333333333,0.158682634730539
26,Xena,0.195804195804196,0.183333333333333,0.161676646706587,0.132867132867133,0.166666666666667,0.104790419161677
26,Xena,0.146853146853147,0.166666666666667,0.110778443113772,0.104895104895105,0.0833333333333333,0.0658682634730539
26,Xena,0.153846153846154,0.1,0.101796407185629,0.0769230769230769,0.0833333333333333,0.0778443113772455
26,Xena,0.0629370629370629,0.0666666666666667,0.0718562874251497,0.0979020979020979,0.05,0.0748502994011976
26,Xena,0.048951048951049,0.0833333333333333,0.0718562874251497,0.041958041958042,0.0333333333333333,0.0508982035928144
26,Xena,0.048951048951049,0.05,0.0508982035928144,0.0629370629370629,0.05,0.0449101796407186
26,Xena,0.020979020979021,0.05,0.0598802395209581,0.0629370629370629,0.05,0.029940119760479
27,Xena,0,0,0.001953125,0,0,0.00390625
27,Xena,0,0,0.001953125,0.00467289719626168,0.0232558139534884,0
27,Xena,0.00934579439252336,0.0116279069767442,0.0078125,0,0.0116279069767442,0.001953125
27,Xena,0.0327102803738318,0.0348837209302326,0.017578125,0.0373831775700935,0.0232558139534884,0.015625
27,Xena,0.11214953271028,0.0465116279069767,0.078125,0.121495327102804,0.0697674418604651,0.072265625
27,Xena,0.191588785046729,0.127906976744186,0.13671875,0.144859813084112,0.162790697674419,0.119140625
27,Xena,0.191588785046729,0.127906976744186,0.1484375,0.168224299065421,0.162790697674419,0.134765625
27,Xena,0.224299065420561,0.0930232558139535,0.173828125,0.191588785046729,0.13953488372093,0.1171875
27,Xena,0.210280373831776,0.151162790697674,0.158203125,0.158878504672897,0.127906976744186,0.130859375
27,Xena,0.196261682242991,0.13953488372093,0.142578125,0.14018691588785,0.116279069767442,0.1328125
27,Xena,0.102803738317757,0.127906976744186,0.111328125,0.0981308411214953,0.127906976744186,0.08984375
27,Xena,0.088785046728972,0.127906976744186,0.103515625,0.0981308411214953,0.0581395348837209,0.087890625
27,Xena,0.116822429906542,0.116279069767442,0.103515625,0.088785046728972,0.104651162790698,0.0859375
27,Xena,0.0841121495327103,0.0813953488372093,0.107421875,0.0794392523364486,0.0930232558139535,0.083984375
27,Xena,0.0654205607476635,0.116279069767442,0.09375,0.0841121495327103,0.104651162790698,0.078125
27,Xena,0.0747663551401869,0.0813953488372093,0.111328125,0.0747663551401869,0.127906976744186,0.07421875
28,Xena,0,0,0,0,0,0
28,Xena,0,0.00980392156862745,0,0,0,0
28,Xena,0,0.00980392156862745,0.00421940928270042,0,0,0
28,Xena,0.0199004975124378,0.00980392156862745,0.0189873417721519,0.00995024875621891,0.00980392156862745,0.0105485232067511
28,Xena,0.0348258706467662,0.0294117647058824,0.0464135021097046,0.0298507462686567,0,0.029535864978903
28,Xena,0.0696517412935323,0.0686274509803922,0.0822784810126582,0.0845771144278607,0.0294117647058824,0.0569620253164557
28,Xena,0.129353233830846,0.127450980392157,0.0949367088607595,0.119402985074627,0.0490196078431373,0.0759493670886076
28,Xena,0.159203980099502,0.147058823529412,0.130801687763713,0.109452736318408,0.0882352941176471,0.0907172995780591
28,Xena,0.194029850746269,0.186274509803922,0.164556962025316,0.134328358208955,0.107843137254902,0.0949367088607595
28,Xena,0.164179104477612,0.117647058823529,0.10126582278481,0.124378109452736,0.0784313725490196,0.0843881856540084
28,Xena,0.134328358208955,0.117647058823529,0.118143459915612,0.109452736318408,0.0980392156862745,0.107594936708861
28,Xena,0.0845771144278607,0.137254901960784,0.122362869198312,0.129353233830846,0.0980392156862745,0.0991561181434599
28,Xena,0.114427860696517,0.117647058823529,0.122362869198312,0.114427860696517,0.0784313725490196,0.0970464135021097
28,Xena,0.114427860696517,0.0784313725490196,0.0991561181434599,0.109452736318408,0.0784313725490196,0.10337552742616
28,Xena,0.114427860696517,0.0784313725490196,0.10337552742616,0.114427860696517,0.0490196078431373,0.105485232067511
28,Xena,0.0796019900497512,0.127450980392157,0.10337552742616,0.119402985074627,0.0784313725490196,0.10337552742616
28,Xena,0.104477611940299,0.137254901960784,0.122362869198312,0.104477611940299,0.0882352941176471,0.105485232067511
29,Xena,0,0,0,0,0,0
29,Xena,0.0118110236220472,0,0.00159744408945687,0,0,0.00159744408945687
29,Xena,0.015748031496063,0,0.00798722044728434,0.0078740157480315,0,0.00319488817891374
29,Xena,0.0354330708661417,0,0.0207667731629393,0.031496062992126,0.00869565217391304,0.0111821086261981
29,Xena,0.102362204724409,0.0608695652173913,0.0846645367412141,0.0590551181102362,0.0695652173913043,0.0575079872204473
29,Xena,0.169291338582677,0.104347826086957,0.129392971246006,0.106299212598425,0.0782608695652174,0.0942492012779553
29,Xena,0.137795275590551,0.147826086956522,0.13258785942492,0.12992125984252,0.0869565217391304,0.126198083067093
29,Xena,0.153543307086614,0.11304347826087,0.150159744408946,0.125984251968504,0.0347826086956522,0.105431309904153
29,Xena,0.177165354330709,0.139130434782609,0.119808306709265,0.0866141732283465,0.0608695652173913,0.0894568690095847
29,Xena,0.145669291338583,0.11304347826087,0.097444089456869,0.0669291338582677,0.0608695652173913,0.0846645367412141
29,Xena,0.122047244094488,0.121739130434783,0.105431309904153,0.0708661417322835,0.0434782608695652,0.0798722044728434
29,Xena,0.110236220472441,0.0695652173913043,0.0750798722044728,0.062992125984252,0.0434782608695652,0.0686900958466454
29,Xena,0.106299212598425,0.11304347826087,0.0910543130990415,0.122047244094488,0.0695652173913043,0.097444089456869
29,Xena,0.122047244094488,0.0695652173913043,0.0814696485623003,0.078740157480315,0.0695652173913043,0.0942492012779553
29,Xena,0.145669291338583,0.104347826086957,0.0958466453674121,0.0826771653543307,0.0782608695652174,0.0878594249201278
29,Xena,0.122047244094488,0.121739130434783,0.0878594249201278,0.094488188976378,0.0695652173913043,0.0814696485623003
