channel,monkey,fixation_canceled,fixation_nostop,SSRT_canceled,SSRT_nostop,pretone_canceled,pretone_nostop,posttone_canceled,posttone_nostop
1,Euler,0,0,0,0,0,0,0,0
2,Euler,0,0,0,0,0,0,0,0
3,Euler,0,0,0,0,0,0,0,0
4,Euler,0,0,0,0,0,0,0,0
5,Euler,0.0844444444444444,0.143712574850299,0.235555555555556,0.0399201596806387,0.186666666666667,0.029940119760479,0.111111111111111,0.149700598802395
6,Euler,0.155555555555556,0.155688622754491,0.253333333333333,0.0479041916167665,0.248888888888889,0.0359281437125748,0.142222222222222,0.245508982035928
7,Euler,0.208888888888889,0.209580838323353,0.32,0.0738522954091816,0.373333333333333,0.0758483033932136,0.204444444444444,0.351297405189621
8,Euler,0.297777777777778,0.291417165668663,0.493333333333333,0.249500998003992,0.466666666666667,0.243512974051896,0.346666666666667,0.516966067864271
9,Euler,0.391111111111111,0.36127744510978,0.6,0.297405189620758,0.533333333333333,0.269461077844311,0.386666666666667,0.538922155688623
10,Euler,0.333333333333333,0.327345309381238,0.568888888888889,0.253493013972056,0.511111111111111,0.259481037924152,0.364444444444444,0.530938123752495
11,Euler,0.311111111111111,0.327345309381238,0.56,0.241516966067864,0.524444444444444,0.24750499001996,0.377777777777778,0.481037924151697
12,Euler,0.342222222222222,0.301397205588822,0.555555555555556,0.209580838323353,0.471111111111111,0.215568862275449,0.36,0.445109780439122
13,Euler,0.462222222222222,0.389221556886228,0.555555555555556,0.311377245508982,0.488888888888889,0.283433133732535,0.471111111111111,0.526946107784431
14,Euler,0.471111111111111,0.437125748502994,0.475555555555556,0.287425149700599,0.564444444444444,0.249500998003992,0.448888888888889,0.520958083832335
15,Euler,0.417777777777778,0.401197604790419,0.48,0.289421157684631,0.528888888888889,0.239520958083832,0.32,0.475049900199601
16,Euler,0.266666666666667,0.271457085828343,0.368888888888889,0.219560878243513,0.377777777777778,0.179640718562874,0.284444444444444,0.417165668662675
17,Euler,0.244444444444444,0.253493013972056,0.32,0.187624750499002,0.351111111111111,0.165668662674651,0.24,0.42315369261477
18,Euler,0.231111111111111,0.235528942115768,0.337777777777778,0.169660678642715,0.32,0.159680638722555,0.217777777777778,0.407185628742515
19,Euler,0.173333333333333,0.167664670658683,0.257777777777778,0.11377245508982,0.213333333333333,0.093812375249501,0.182222222222222,0.333333333333333
20,Euler,0.133333333333333,0.147704590818363,0.24,0.0758483033932136,0.195555555555556,0.0698602794411178,0.0933333333333333,0.25748502994012
21,Euler,0.0686274509803922,0.0796252927400468,0.176470588235294,0.0327868852459016,0.186274509803922,0.0187353629976581,0.0980392156862745,0.138173302107728
22,Euler,0.151960784313725,0.161592505854801,0.279411764705882,0.0983606557377049,0.357843137254902,0.0819672131147541,0.17156862745098,0.250585480093677
23,Euler,0.25,0.318501170960187,0.411764705882353,0.201405152224824,0.553921568627451,0.182669789227166,0.274509803921569,0.451990632318501
24,Euler,0.313725490196078,0.34192037470726,0.475490196078431,0.292740046838407,0.57843137254902,0.271662763466042,0.352941176470588,0.426229508196721
25,Euler,0.284313725490196,0.330210772833724,0.465686274509804,0.229508196721311,0.568627450980392,0.257611241217799,0.284313725490196,0.430913348946136
26,Euler,0.240196078431373,0.269320843091335,0.42156862745098,0.19672131147541,0.495098039215686,0.206088992974239,0.269607843137255,0.391100702576112
27,Euler,0.220588235294118,0.266978922716628,0.401960784313726,0.201405152224824,0.455882352941176,0.149882903981265,0.294117647058824,0.379391100702576
28,Euler,0.230392156862745,0.330210772833724,0.406862745098039,0.236533957845433,0.450980392156863,0.185011709601874,0.299019607843137,0.433255269320843
29,Euler,0.245098039215686,0.306791569086651,0.411764705882353,0.234192037470726,0.446078431372549,0.194379391100703,0.294117647058824,0.433255269320843
30,Euler,0.21078431372549,0.26463700234192,0.313725490196078,0.236533957845433,0.367647058823529,0.208430913348946,0.259803921568627,0.4192037470726
31,Euler,0.220588235294118,0.269320843091335,0.352941176470588,0.241217798594848,0.42156862745098,0.229508196721311,0.313725490196078,0.402810304449649
32,Euler,0.264705882352941,0.274004683840749,0.348039215686274,0.255269320843091,0.397058823529412,0.241217798594848,0.338235294117647,0.426229508196721
33,Euler,0.220588235294118,0.231850117096019,0.303921568627451,0.185011709601874,0.333333333333333,0.175644028103044,0.259803921568627,0.381733021077283
34,Euler,0.225490196078431,0.220140515222482,0.235294117647059,0.161592505854801,0.308823529411765,0.14519906323185,0.220588235294118,0.304449648711944
35,Euler,0.166666666666667,0.187353629976581,0.220588235294118,0.112412177985948,0.28921568627451,0.103044496487119,0.200980392156863,0.26463700234192
36,Euler,0.142156862745098,0.154566744730679,0.166666666666667,0.0843091334894614,0.21078431372549,0.0866510538641686,0.142156862745098,0.194379391100703
37,Euler,0.127450980392157,0.140515222482436,0.176470588235294,0.0772833723653396,0.205882352941176,0.0772833723653396,0.122549019607843,0.220140515222482
38,Euler,0.127450980392157,0.168618266978923,0.132352941176471,0.0819672131147541,0.215686274509804,0.0843091334894614,0.122549019607843,0.203747072599532
39,Euler,0.112745098039216,0.180327868852459,0.156862745098039,0.0608899297423888,0.220588235294118,0.0796252927400468,0.117647058823529,0.19672131147541
40,Euler,0.122549019607843,0.173302107728337,0.117647058823529,0.063231850117096,0.191176470588235,0.063231850117096,0.137254901960784,0.180327868852459
41,Euler,0,0,0,0,0,0,0,0
42,Euler,0,0,0,0,0,0,0,0
43,Euler,0.0040650406504065,0,0,0,0,0,0,0.00215982721382289
44,Euler,0.0691056910569106,0.0928725701943845,0.101626016260163,0.0496760259179266,0.105691056910569,0.0475161987041037,0.032520325203252,0.116630669546436
45,Euler,0.280487804878049,0.259179265658747,0.329268292682927,0.181425485961123,0.345528455284553,0.1792656587473,0.154471544715447,0.352051835853132
46,Euler,0.426829268292683,0.375809935205184,0.544715447154472,0.306695464362851,0.536585365853659,0.289416846652268,0.308943089430894,0.518358531317495
47,Euler,0.471544715447154,0.380129589632829,0.528455284552846,0.330453563714903,0.569105691056911,0.319654427645788,0.369918699186992,0.542116630669546
48,Euler,0.430894308943089,0.414686825053996,0.520325203252033,0.31317494600432,0.516260162601626,0.300215982721382,0.345528455284553,0.481641468682505
49,Euler,0.357723577235772,0.380129589632829,0.394308943089431,0.23110151187905,0.459349593495935,0.23110151187905,0.239837398373984,0.462203023758099
50,Euler,0.386178861788618,0.408207343412527,0.443089430894309,0.321814254859611,0.504065040650406,0.302375809935205,0.345528455284553,0.481641468682505
51,Euler,0.443089430894309,0.503239740820734,0.540650406504065,0.453563714902808,0.585365853658537,0.403887688984881,0.447154471544715,0.639308855291577
52,Euler,0.349593495934959,0.354211663066955,0.443089430894309,0.336933045356371,0.467479674796748,0.330453563714903,0.272357723577236,0.50755939524838
53,Euler,0.276422764227642,0.295896328293737,0.402439024390244,0.315334773218143,0.41869918699187,0.311015118790497,0.272357723577236,0.47732181425486
54,Euler,0.247967479674797,0.280777537796976,0.341463414634146,0.254859611231102,0.365853658536585,0.252699784017279,0.199186991869919,0.436285097192225
55,Euler,0.211382113821138,0.265658747300216,0.268292682926829,0.187904967602592,0.386178861788618,0.172786177105832,0.166666666666667,0.34341252699784
56,Euler,0.154471544715447,0.196544276457883,0.203252032520325,0.0993520518358531,0.264227642276423,0.0863930885529158,0.0934959349593496,0.280777537796976
57,Euler,0.138211382113821,0.187904967602592,0.109756097560976,0.0561555075593952,0.231707317073171,0.0561555075593952,0.0528455284552846,0.19438444924406
58,Euler,0.134146341463415,0.168466522678186,0.101626016260163,0.041036717062635,0.195121951219512,0.0388768898488121,0.0691056910569106,0.166306695464363
59,Euler,0.109756097560976,0.151187904967603,0.0731707317073171,0.0302375809935205,0.17479674796748,0.0302375809935205,0.0365853658536585,0.107991360691145
60,Euler,0.121951219512195,0.155507559395248,0.0813008130081301,0.0345572354211663,0.17479674796748,0.0280777537796976,0.0203252032520325,0.11231101511879
61,Euler,0.197183098591549,0.207339449541284,0.309859154929577,0.135779816513761,0.369718309859155,0.11743119266055,0.183098591549296,0.377981651376147
62,Euler,0.316901408450704,0.354128440366972,0.496478873239437,0.346788990825688,0.580985915492958,0.330275229357798,0.345070422535211,0.522935779816514
63,Euler,0.366197183098592,0.381651376146789,0.517605633802817,0.405504587155963,0.644366197183099,0.405504587155963,0.440140845070423,0.609174311926606
64,Euler,0.334507042253521,0.38348623853211,0.492957746478873,0.387155963302752,0.595070422535211,0.36697247706422,0.440140845070423,0.544954128440367
65,Euler,0.348591549295775,0.376146788990826,0.440140845070423,0.36697247706422,0.566901408450704,0.370642201834862,0.419014084507042,0.500917431192661
66,Euler,0.316901408450704,0.324770642201835,0.401408450704225,0.326605504587156,0.471830985915493,0.311926605504587,0.373239436619718,0.495412844036697
67,Euler,0.323943661971831,0.326605504587156,0.436619718309859,0.33394495412844,0.461267605633803,0.306422018348624,0.426056338028169,0.515596330275229
68,Euler,0.408450704225352,0.38348623853211,0.454225352112676,0.38348623853211,0.570422535211268,0.361467889908257,0.447183098591549,0.565137614678899
69,Euler,0.288732394366197,0.236697247706422,0.387323943661972,0.310091743119266,0.454225352112676,0.304587155963303,0.380281690140845,0.511926605504587
70,Euler,0.22887323943662,0.211009174311927,0.359154929577465,0.295412844036697,0.426056338028169,0.273394495412844,0.285211267605634,0.489908256880734
71,Euler,0.21830985915493,0.190825688073395,0.28169014084507,0.225688073394495,0.345070422535211,0.198165137614679,0.232394366197183,0.420183486238532
72,Euler,0.161971830985915,0.161467889908257,0.246478873239437,0.16697247706422,0.288732394366197,0.137614678899083,0.169014084507042,0.372477064220184
73,Euler,0.126760563380282,0.143119266055046,0.211267605633803,0.106422018348624,0.207746478873239,0.0954128440366973,0.144366197183099,0.293577981651376
74,Euler,0.105633802816901,0.148623853211009,0.161971830985915,0.108256880733945,0.214788732394366,0.0917431192660551,0.112676056338028,0.269724770642202
75,Euler,0.126760563380282,0.128440366972477,0.165492957746479,0.0972477064220184,0.190140845070423,0.0623853211009174,0.0985915492957746,0.207339449541284
76,Euler,0.0809859154929577,0.106422018348624,0.109154929577465,0.055045871559633,0.133802816901408,0.0403669724770642,0.0633802816901408,0.196330275229358
77,Euler,0.0915492957746479,0.110091743119266,0.102112676056338,0.0513761467889908,0.130281690140845,0.0256880733944954,0.0774647887323944,0.196330275229358
78,Euler,0.0809859154929577,0.111926605504587,0.0809859154929577,0.0513761467889908,0.130281690140845,0.0293577981651376,0.0492957746478873,0.176146788990826
79,Euler,0.0985915492957746,0.128440366972477,0.0915492957746479,0.0605504587155963,0.133802816901408,0.0275229357798165,0.0669014084507042,0.201834862385321
80,Euler,0.073943661971831,0.111926605504587,0.0880281690140845,0.0568807339449541,0.105633802816901,0.0311926605504587,0.0528169014084507,0.176146788990826
81,Euler,0.195652173913043,0.216374269005848,0.278260869565217,0.152046783625731,0.343478260869565,0.179337231968811,0.143478260869565,0.317738791423002
82,Euler,0.243478260869565,0.298245614035088,0.356521739130435,0.210526315789474,0.465217391304348,0.247563352826511,0.260869565217391,0.419103313840156
83,Euler,0.447826086956522,0.39766081871345,0.530434782608696,0.354775828460039,0.595652173913043,0.37037037037037,0.378260869565217,0.50682261208577
84,Euler,0.408695652173913,0.41130604288499,0.526086956521739,0.313840155945419,0.569565217391304,0.362573099415205,0.434782608695652,0.499025341130604
85,Euler,0.404347826086957,0.387914230019493,0.473913043478261,0.288499025341131,0.534782608695652,0.339181286549708,0.408695652173913,0.495126705653021
86,Euler,0.408695652173913,0.423001949317739,0.439130434782609,0.350877192982456,0.495652173913044,0.339181286549708,0.417391304347826,0.504873294346979
87,Euler,0.373913043478261,0.415204678362573,0.447826086956522,0.331384015594542,0.5,0.32943469785575,0.447826086956522,0.508771929824561
88,Euler,0.360869565217391,0.42495126705653,0.495652173913044,0.409356725146199,0.508695652173913,0.417153996101364,0.404347826086957,0.508771929824561
89,Euler,0.3,0.350877192982456,0.469565217391304,0.348927875243665,0.456521739130435,0.345029239766082,0.326086956521739,0.516569200779727
90,Euler,0.273913043478261,0.290448343079922,0.408695652173913,0.302144249512671,0.391304347826087,0.309941520467836,0.269565217391304,0.469785575048733
91,Euler,0.18695652173913,0.212475633528265,0.3,0.218323586744639,0.321739130434783,0.206627680311891,0.204347826086957,0.417153996101364
92,Euler,0.130434782608696,0.161793372319688,0.182608695652174,0.142300194931774,0.28695652173913,0.132553606237817,0.156521739130435,0.32943469785575
93,Euler,0.143478260869565,0.138401559454191,0.156521739130435,0.10916179337232,0.278260869565217,0.0935672514619883,0.126086956521739,0.270955165692008
94,Euler,0.165217391304348,0.157894736842105,0.134782608695652,0.0896686159844055,0.239130434782609,0.0857699805068226,0.139130434782609,0.267056530214425
95,Euler,0.11304347826087,0.130604288499025,0.104347826086957,0.0818713450292398,0.178260869565217,0.064327485380117,0.0869565217391304,0.257309941520468
96,Euler,0.0782608695652174,0.0818713450292398,0.0652173913043478,0.0487329434697856,0.117391304347826,0.0389863547758285,0.0695652173913043,0.202729044834308
97,Euler,0.091304347826087,0.0935672514619883,0.0869565217391304,0.0428849902534113,0.117391304347826,0.0311890838206628,0.0739130434782609,0.189083820662768
98,Euler,0.0782608695652174,0.0955165692007797,0.0782608695652174,0.0409356725146199,0.108695652173913,0.0253411306042885,0.0565217391304348,0.148148148148148
99,Euler,0.104347826086957,0.115009746588694,0.0608695652173913,0.0428849902534113,0.11304347826087,0.0292397660818713,0.0521739130434783,0.167641325536062
100,Euler,0.0869565217391304,0.0916179337231969,0.0608695652173913,0.0350877192982456,0.1,0.0233918128654971,0.0434782608695652,0.171539961013645
101,Euler,0.160714285714286,0.158139534883721,0.209821428571429,0.144186046511628,0.25,0.155813953488372,0.160714285714286,0.246511627906977
102,Euler,0.209821428571429,0.193023255813953,0.25,0.186046511627907,0.285714285714286,0.183720930232558,0.169642857142857,0.325581395348837
103,Euler,0.28125,0.272093023255814,0.441964285714286,0.290697674418605,0.473214285714286,0.302325581395349,0.28125,0.469767441860465
104,Euler,0.352678571428571,0.353488372093023,0.473214285714286,0.33953488372093,0.580357142857143,0.362790697674419,0.3125,0.490697674418605
105,Euler,0.388392857142857,0.418604651162791,0.508928571428571,0.37906976744186,0.611607142857143,0.390697674418605,0.370535714285714,0.53953488372093
106,Euler,0.334821428571429,0.309302325581395,0.375,0.302325581395349,0.486607142857143,0.297674418604651,0.294642857142857,0.427906976744186
107,Euler,0.379464285714286,0.367441860465116,0.428571428571429,0.330232558139535,0.491071428571429,0.355813953488372,0.352678571428571,0.467441860465116
108,Euler,0.397321428571429,0.330232558139535,0.419642857142857,0.351162790697674,0.450892857142857,0.346511627906977,0.339285714285714,0.516279069767442
109,Euler,0.419642857142857,0.351162790697674,0.366071428571429,0.369767441860465,0.549107142857143,0.42093023255814,0.357142857142857,0.5
110,Euler,0.285714285714286,0.248837209302326,0.40625,0.404651162790698,0.433035714285714,0.402325581395349,0.325892857142857,0.483720930232558
111,Euler,0.223214285714286,0.17906976744186,0.383928571428571,0.353488372093023,0.450892857142857,0.330232558139535,0.303571428571429,0.472093023255814
112,Euler,0.196428571428571,0.186046511627907,0.3125,0.281395348837209,0.401785714285714,0.269767441860465,0.308035714285714,0.46046511627907
113,Euler,0.174107142857143,0.169767441860465,0.299107142857143,0.225581395348837,0.357142857142857,0.241860465116279,0.223214285714286,0.390697674418605
114,Euler,0.232142857142857,0.127906976744186,0.245535714285714,0.22093023255814,0.299107142857143,0.204651162790698,0.183035714285714,0.36046511627907
115,Euler,0.147321428571429,0.132558139534884,0.205357142857143,0.167441860465116,0.236607142857143,0.153488372093023,0.116071428571429,0.295348837209302
116,Euler,0.09375,0.072093023255814,0.116071428571429,0.0744186046511628,0.165178571428571,0.0790697674418605,0.0669642857142857,0.204651162790698
117,Euler,0.107142857142857,0.0767441860465116,0.0982142857142857,0.0744186046511628,0.151785714285714,0.0674418604651163,0.0758928571428571,0.186046511627907
118,Euler,0.0848214285714286,0.0581395348837209,0.107142857142857,0.0767441860465116,0.125,0.0767441860465116,0.0669642857142857,0.158139534883721
119,Euler,0.09375,0.0744186046511628,0.0803571428571429,0.0744186046511628,0.147321428571429,0.0604651162790698,0.09375,0.162790697674419
120,Euler,0.0982142857142857,0.0534883720930233,0.09375,0.0697674418604651,0.133928571428571,0.0558139534883721,0.0357142857142857,0.132558139534884
121,Xena,0.0463320463320463,0.0402414486921529,0.0231660231660232,0.0120724346076459,0.0579150579150579,0.00201207243460765,0.0733590733590734,0.0201207243460765
122,Xena,0.416988416988417,0.398390342052314,0.386100386100386,0.386317907444668,0.378378378378378,0.396378269617706,0.386100386100386,0.398390342052314
123,Xena,0.0308880308880309,0.0422535211267606,0.0231660231660232,0.00804828973843058,0.0694980694980695,0,0.0463320463320463,0.0241448692152917
124,Xena,0.027027027027027,0.0382293762575453,0.0154440154440154,0.00804828973843058,0.0540540540540541,0.00201207243460765,0.0656370656370656,0.0160965794768612
125,Xena,0.0501930501930502,0.0563380281690141,0.0386100386100386,0.0120724346076459,0.0656370656370656,0.00804828973843058,0.0849420849420849,0.028169014084507
126,Xena,0.0347490347490347,0.0523138832997988,0.0308880308880309,0.0100603621730382,0.0733590733590734,0.0120724346076459,0.0772200772200772,0.0221327967806841
127,Xena,0.0540540540540541,0.0523138832997988,0.0231660231660232,0.0261569416498994,0.0733590733590734,0.00603621730382294,0.0656370656370656,0.0241448692152917
128,Xena,0.0501930501930502,0.0382293762575453,0.0386100386100386,0.0160965794768612,0.0772200772200772,0.00402414486921529,0.0656370656370656,0.0221327967806841
129,Xena,0.0733590733590734,0.062374245472837,0.0540540540540541,0.0201207243460765,0.0810810810810811,0.0181086519114688,0.1003861003861,0.03420523138833
130,Xena,0.104247104247104,0.096579476861167,0.0810810810810811,0.0523138832997988,0.154440154440154,0.0362173038229376,0.142857142857143,0.0744466800804829
131,Xena,0.208494208494208,0.211267605633803,0.135135135135135,0.146881287726358,0.312741312741313,0.104627766599598,0.27027027027027,0.148893360160966
132,Xena,0.366795366795367,0.37625754527163,0.258687258687259,0.241448692152918,0.362934362934363,0.217303822937626,0.33976833976834,0.285714285714286
133,Xena,0.27027027027027,0.255533199195171,0.158301158301158,0.132796780684105,0.181467181467181,0.134808853118712,0.166023166023166,0.152917505030181
134,Xena,0.212355212355212,0.23943661971831,0.127413127413127,0.126760563380282,0.150579150579151,0.110663983903421,0.16988416988417,0.134808853118712
135,Xena,0.227799227799228,0.217303822937626,0.173745173745174,0.112676056338028,0.166023166023166,0.10261569416499,0.22007722007722,0.144869215291751
136,Xena,0.231660231660232,0.225352112676056,0.166023166023166,0.13682092555332,0.162162162162162,0.112676056338028,0.177606177606178,0.152917505030181
137,Xena,0.274131274131274,0.27364185110664,0.208494208494208,0.173038229376258,0.200772200772201,0.154929577464789,0.227799227799228,0.189134808853119
138,Xena,0.293436293436293,0.305835010060362,0.231660231660232,0.189134808853119,0.204633204633205,0.160965794768612,0.227799227799228,0.175050301810865
139,Xena,0.301158301158301,0.309859154929577,0.247104247104247,0.158953722334004,0.247104247104247,0.17102615694165,0.231660231660232,0.195171026156942
140,Xena,0.293436293436293,0.283702213279678,0.231660231660232,0.193158953722334,0.231660231660232,0.177062374245473,0.235521235521236,0.203219315895372
141,Xena,0.0599250936329588,0.0705882352941176,0.0262172284644195,0.0235294117647059,0.183520599250936,0.0176470588235294,0.131086142322097,0.0441176470588235
142,Xena,0.0411985018726592,0.0455882352941176,0.0187265917602996,0.0117647058823529,0.127340823970037,0.00294117647058824,0.101123595505618,0.0176470588235294
143,Xena,0.052434456928839,0.0617647058823529,0.0112359550561798,0.0161764705882353,0.138576779026217,0.00735294117647059,0.104868913857678,0.0338235294117647
144,Xena,0.0636704119850187,0.0558823529411765,0.0262172284644195,0.0220588235294118,0.157303370786517,0.0117647058823529,0.116104868913858,0.0264705882352941
145,Xena,0.104868913857678,0.0882352941176471,0.0561797752808989,0.0426470588235294,0.198501872659176,0.0191176470588235,0.176029962546816,0.0823529411764706
146,Xena,0.161048689138577,0.158823529411765,0.108614232209738,0.0764705882352941,0.258426966292135,0.0485294117647059,0.243445692883895,0.129411764705882
147,Xena,0.299625468164794,0.317647058823529,0.235955056179775,0.180882352941176,0.367041198501873,0.179411764705882,0.397003745318352,0.275
148,Xena,0.348314606741573,0.345588235294118,0.243445692883895,0.197058823529412,0.367041198501873,0.161764705882353,0.385767790262172,0.270588235294118
149,Xena,0.430711610486891,0.432352941176471,0.359550561797753,0.257352941176471,0.449438202247191,0.239705882352941,0.423220973782772,0.323529411764706
150,Xena,0.453183520599251,0.416176470588235,0.314606741573034,0.302941176470588,0.453183520599251,0.273529411764706,0.445692883895131,0.326470588235294
151,Xena,0.464419475655431,0.422058823529412,0.325842696629214,0.319117647058824,0.434456928838951,0.277941176470588,0.47565543071161,0.344117647058824
152,Xena,0.531835205992509,0.507352941176471,0.389513108614232,0.370588235294118,0.471910112359551,0.320588235294118,0.468164794007491,0.425
153,Xena,0.198501872659176,0.177941176470588,0.123595505617978,0.142647058823529,0.176029962546816,0.126470588235294,0.191011235955056,0.180882352941176
154,Xena,0.168539325842697,0.166176470588235,0.134831460674157,0.108823529411765,0.127340823970037,0.0852941176470588,0.161048689138577,0.117647058823529
155,Xena,0.176029962546816,0.175,0.127340823970037,0.120588235294118,0.153558052434457,0.122058823529412,0.142322097378277,0.139705882352941
156,Xena,0.149812734082397,0.189705882352941,0.116104868913858,0.122058823529412,0.149812734082397,0.117647058823529,0.161048689138577,0.133823529411765
157,Xena,0.220973782771536,0.210294117647059,0.161048689138577,0.147058823529412,0.168539325842697,0.125,0.198501872659176,0.170588235294118
158,Xena,0.213483146067416,0.211764705882353,0.146067415730337,0.152941176470588,0.194756554307116,0.148529411764706,0.187265917602996,0.160294117647059
159,Xena,0.217228464419476,0.264705882352941,0.194756554307116,0.169117647058824,0.217228464419476,0.182352941176471,0.239700374531835,0.198529411764706
160,Xena,0.262172284644195,0.254411764705882,0.205992509363296,0.195588235294118,0.258426966292135,0.182352941176471,0.224719101123595,0.2
161,Xena,0.261437908496732,0.253263707571802,0.0980392156862745,0.10443864229765,0.313725490196078,0.0731070496083551,0.169934640522876,0.154046997389034
162,Xena,0.241830065359477,0.258485639686684,0.117647058823529,0.10443864229765,0.281045751633987,0.0809399477806789,0.176470588235294,0.130548302872063
163,Xena,0.222222222222222,0.240208877284595,0.117647058823529,0.0861618798955614,0.261437908496732,0.0731070496083551,0.163398692810458,0.135770234986945
164,Xena,0.26797385620915,0.242819843342037,0.137254901960784,0.112271540469974,0.274509803921569,0.0861618798955614,0.202614379084967,0.143603133159269
165,Xena,0.26797385620915,0.245430809399478,0.150326797385621,0.117493472584856,0.30718954248366,0.0992167101827676,0.176470588235294,0.12532637075718
166,Xena,0.261437908496732,0.248041775456919,0.130718954248366,0.109660574412533,0.274509803921569,0.0704960835509138,0.156862745098039,0.133159268929504
167,Xena,0.254901960784314,0.289817232375979,0.130718954248366,0.135770234986945,0.30718954248366,0.0939947780678851,0.202614379084967,0.138381201044386
168,Xena,0.300653594771242,0.274151436031332,0.150326797385621,0.12532637075718,0.30718954248366,0.12532637075718,0.196078431372549,0.133159268929504
169,Xena,0.300653594771242,0.276762402088773,0.163398692810458,0.130548302872063,0.30718954248366,0.114882506527415,0.235294117647059,0.140992167101828
170,Xena,0.26797385620915,0.281984334203655,0.150326797385621,0.133159268929504,0.333333333333333,0.122715404699739,0.248366013071895,0.138381201044386
171,Xena,0.281045751633987,0.287206266318538,0.183006535947712,0.135770234986945,0.313725490196078,0.130548302872063,0.235294117647059,0.156657963446475
172,Xena,0.333333333333333,0.352480417754569,0.202614379084967,0.193211488250653,0.38562091503268,0.185378590078329,0.359477124183007,0.2088772845953
173,Xena,0.0522875816993464,0.0704960835509138,0.0261437908496732,0.0365535248041775,0.0261437908496732,0.0287206266318538,0.0457516339869281,0.02088772845953
174,Xena,0.0849673202614379,0.0992167101827676,0.0261437908496732,0.031331592689295,0.0196078431372549,0.031331592689295,0.065359477124183,0.0182767624020888
175,Xena,0.117647058823529,0.127937336814621,0.0457516339869281,0.0443864229765013,0.0588235294117647,0.0339425587467363,0.0718954248366013,0.0469973890339426
176,Xena,0.163398692810458,0.143603133159269,0.0980392156862745,0.0600522193211488,0.0522875816993464,0.0522193211488251,0.0980392156862745,0.0783289817232376
177,Xena,0.209150326797386,0.16710182767624,0.143790849673203,0.10443864229765,0.163398692810458,0.112271540469974,0.117647058823529,0.10443864229765
178,Xena,0.209150326797386,0.177545691906005,0.143790849673203,0.154046997389034,0.169934640522876,0.156657963446475,0.209150326797386,0.156657963446475
179,Xena,0.26797385620915,0.206266318537859,0.222222222222222,0.234986945169713,0.228758169934641,0.25065274151436,0.261437908496732,0.216710182767624
180,Xena,0.281045751633987,0.263707571801567,0.287581699346405,0.27154046997389,0.281045751633987,0.258485639686684,0.366013071895425,0.300261096605744
181,Xena,0.0363636363636364,0.0366350067842605,0.00909090909090909,0.00542740841248304,0.0757575757575758,0.00407055630936228,0.0515151515151515,0.0135685210312076
182,Xena,0.127272727272727,0.116689280868385,0.0727272727272727,0.0610583446404342,0.139393939393939,0.0488466757123474,0.13030303030303,0.073270013568521
183,Xena,0.324242424242424,0.275440976933514,0.218181818181818,0.169606512890095,0.339393939393939,0.166892808683853,0.315151515151515,0.237449118046133
184,Xena,0.521212121212121,0.488466757123474,0.345454545454545,0.324287652645862,0.463636363636364,0.298507462686567,0.521212121212121,0.408412483039349
185,Xena,0.584848484848485,0.597014925373134,0.412121212121212,0.402985074626866,0.545454545454545,0.37449118046133,0.584848484848485,0.485753052917232
186,Xena,0.545454545454545,0.549525101763908,0.354545454545455,0.366350067842605,0.5,0.329715061058345,0.503030303030303,0.430122116689281
187,Xena,0.554545454545455,0.560379918588874,0.372727272727273,0.408412483039349,0.515151515151515,0.358208955223881,0.539393939393939,0.443690637720488
188,Xena,0.512121212121212,0.515603799185889,0.321212121212121,0.337856173677069,0.503030303030303,0.317503392130258,0.503030303030303,0.408412483039349
189,Xena,0.496969696969697,0.491180461329715,0.324242424242424,0.333785617367707,0.481818181818182,0.308005427408412,0.457575757575758,0.404341926729986
190,Xena,0.415151515151515,0.434192672998643,0.290909090909091,0.26865671641791,0.454545454545455,0.242876526458616,0.421212121212121,0.340569877883311
191,Xena,0.390909090909091,0.423337856173677,0.306060606060606,0.244233378561737,0.442424242424242,0.244233378561737,0.393939393939394,0.336499321573948
192,Xena,0.396969696969697,0.431478968792402,0.309090909090909,0.265943012211669,0.451515151515152,0.256445047489824,0.4,0.33921302578019
193,Xena,0.142424242424242,0.122116689280868,0.0757575757575758,0.0814111261872456,0.103030303030303,0.0637720488466757,0.133333333333333,0.0990502035278155
194,Xena,0.103030303030303,0.0949796472184532,0.0242424242424242,0.0502035278154681,0.0545454545454545,0.0366350067842605,0.1,0.0488466757123474
195,Xena,0.115151515151515,0.0909090909090909,0.0363636363636364,0.0502035278154681,0.0848484848484849,0.0447761194029851,0.0848484848484849,0.0515603799185889
196,Xena,0.115151515151515,0.109905020352782,0.0393939393939394,0.0583446404341927,0.0727272727272727,0.039348710990502,0.1,0.0664857530529172
197,Xena,0.136363636363636,0.100407055630936,0.0575757575757576,0.0542740841248304,0.0909090909090909,0.0474898236092266,0.0939393939393939,0.0651289009497965
198,Xena,0.133333333333333,0.0949796472184532,0.0515151515151515,0.062415196743555,0.0787878787878788,0.0474898236092266,0.109090909090909,0.0637720488466757
199,Xena,0.145454545454545,0.101763907734057,0.0636363636363636,0.0556309362279511,0.115151515151515,0.0556309362279511,0.115151515151515,0.0691994572591588
200,Xena,0.136363636363636,0.101763907734057,0.0424242424242424,0.062415196743555,0.0878787878787879,0.0488466757123474,0.0939393939393939,0.0881953867028494
201,Xena,0.219814241486068,0.207759699624531,0.105263157894737,0.0963704630788486,0.188854489164087,0.0963704630788486,0.139318885448916,0.146433041301627
202,Xena,0.371517027863777,0.315394242803504,0.238390092879257,0.217772215269086,0.318885448916409,0.216520650813517,0.26625386996904,0.251564455569462
203,Xena,0.312693498452012,0.261576971214018,0.145510835913313,0.132665832290363,0.241486068111455,0.128911138923655,0.201238390092879,0.214017521902378
204,Xena,0.318885448916409,0.299123904881101,0.148606811145511,0.152690863579474,0.272445820433437,0.156445556946183,0.198142414860681,0.234042553191489
205,Xena,0.377708978328173,0.345431789737171,0.179566563467492,0.192740926157697,0.297213622291022,0.175219023779725,0.241486068111455,0.266583229036295
206,Xena,0.343653250773994,0.321652065081352,0.13312693498452,0.16270337922403,0.260061919504644,0.158948685857322,0.198142414860681,0.244055068836045
207,Xena,0.390092879256966,0.296620775969962,0.13312693498452,0.145181476846058,0.272445820433437,0.147684605757196,0.210526315789474,0.234042553191489
208,Xena,0.325077399380805,0.284105131414268,0.126934984520124,0.126408010012516,0.25077399380805,0.111389236545682,0.198142414860681,0.204005006257822
209,Xena,0.306501547987616,0.260325406758448,0.108359133126935,0.11639549436796,0.238390092879257,0.113892365456821,0.207430340557276,0.207759699624531
210,Xena,0.263157894736842,0.225281602002503,0.086687306501548,0.097622027534418,0.21671826625387,0.0725907384230288,0.130030959752322,0.14017521902378
211,Xena,0.269349845201238,0.225281602002503,0.0959752321981424,0.0788485607008761,0.195046439628483,0.0550688360450563,0.126934984520124,0.135168961201502
212,Xena,0.263157894736842,0.240300375469337,0.0835913312693498,0.100125156445557,0.21671826625387,0.0713391739674593,0.120743034055728,0.14017521902378
213,Xena,0.00619195046439629,0.0300375469336671,0.00928792569659443,0.0125156445556946,0.0309597523219814,0.00625782227784731,0.0185758513931889,0.0262828535669587
214,Xena,0.00619195046439629,0.0212765957446809,0.00309597523219814,0.00750938673341677,0.0154798761609907,0.00375469336670839,0.0123839009287926,0.0237797246558198
215,Xena,0.00928792569659443,0.0275344180225282,0.00619195046439629,0.00500625782227785,0.0247678018575851,0.00375469336670839,0.0185758513931889,0.0250312891113892
216,Xena,0.00928792569659443,0.0275344180225282,0.0123839009287926,0.00876095118898623,0.0247678018575851,0.00500625782227785,0.0154798761609907,0.0200250312891114
217,Xena,0.00619195046439629,0.0225281602002503,0.00619195046439629,0.0125156445556946,0.0154798761609907,0.00500625782227785,0.0154798761609907,0.0225281602002503
218,Xena,0.00928792569659443,0.0312891113892365,0.00619195046439629,0.0100125156445557,0.0185758513931889,0.00375469336670839,0.0123839009287926,0.0200250312891114
219,Xena,0.0154798761609907,0.0475594493116396,0.0123839009287926,0.016270337922403,0.0340557275541796,0.00500625782227785,0.0247678018575851,0.0287859824780976
220,Xena,0.0185758513931889,0.0500625782227785,0.0185758513931889,0.0175219023779725,0.0340557275541796,0.00876095118898623,0.0123839009287926,0.0350438047559449
221,Xena,0.0919881305637982,0.130334486735871,0.0385756676557863,0.0207612456747405,0.15727002967359,0.0173010380622837,0.127596439169139,0.0403690888119954
222,Xena,0.086053412462908,0.121107266435986,0.0326409495548961,0.0173010380622837,0.160237388724036,0.013840830449827,0.13353115727003,0.0242214532871972
223,Xena,0.0771513353115727,0.113033448673587,0.0474777448071217,0.0230680507497117,0.154302670623145,0.0126874279123414,0.118694362017804,0.027681660899654
224,Xena,0.086053412462908,0.10957324106113,0.0267062314540059,0.0196078431372549,0.13946587537092,0.013840830449827,0.130563798219585,0.0357554786620531
225,Xena,0.118694362017804,0.149942329873126,0.056379821958457,0.04959630911188,0.237388724035608,0.041522491349481,0.130563798219585,0.077277970011534
226,Xena,0.261127596439169,0.25836216839677,0.154302670623145,0.132641291810842,0.287833827893175,0.143021914648212,0.264094955489614,0.192618223760092
227,Xena,0.462908011869436,0.461361014994233,0.323442136498516,0.288350634371396,0.43026706231454,0.296424452133795,0.462908011869436,0.350634371395617
228,Xena,0.590504451038576,0.58477508650519,0.507418397626113,0.420991926182238,0.543026706231454,0.426758938869666,0.537091988130564,0.430219146482122
229,Xena,0.72700296735905,0.70242214532872,0.649851632047478,0.555940023068051,0.655786350148368,0.594002306805075,0.635014836795252,0.594002306805075
230,Xena,0.774480712166172,0.745098039215686,0.706231454005935,0.610149942329873,0.724035608308605,0.651672433679354,0.70326409495549,0.637831603229527
231,Xena,0.807121661721068,0.792387543252595,0.72700296735905,0.668973471741638,0.777448071216617,0.700115340253749,0.753709198813056,0.697808535178777
232,Xena,0.818991097922849,0.807381776239908,0.738872403560831,0.692041522491349,0.816023738872404,0.71280276816609,0.735905044510386,0.666666666666667
233,Xena,0.353115727002967,0.340253748558247,0.311572700296736,0.226066897347174,0.299703264094956,0.236447520184544,0.28486646884273,0.23760092272203
234,Xena,0.181008902077151,0.249134948096886,0.175074183976261,0.13840830449827,0.175074183976261,0.140715109573241,0.166172106824926,0.145328719723183
235,Xena,0.192878338278932,0.20876585928489,0.154302670623145,0.129181084198385,0.175074183976261,0.107266435986159,0.1513353115727,0.134948096885813
236,Xena,0.219584569732938,0.19838523644752,0.14540059347181,0.113033448673587,0.1513353115727,0.110726643598616,0.142433234421365,0.1280276816609
237,Xena,0.201780415430267,0.18800461361015,0.13353115727003,0.101499423298731,0.14540059347181,0.0853517877739331,0.112759643916914,0.0957324106113033
238,Xena,0.172106824925816,0.168396770472895,0.121661721068249,0.0899653979238754,0.112759643916914,0.0795847750865052,0.121661721068249,0.0899653979238754
239,Xena,0.178041543026706,0.170703575547866,0.1513353115727,0.0957324106113033,0.136498516320475,0.077277970011534,0.13946587537092,0.119953863898501
240,Xena,0.178041543026706,0.149942329873126,0.142433234421365,0.0945790080738178,0.121661721068249,0.0645905420991926,0.124629080118694,0.0968858131487889
241,Xena,0.0220994475138122,0.010752688172043,0,0.00537634408602151,0.0165745856353591,0.00268817204301075,0.0497237569060773,0.0134408602150538
242,Xena,0.00552486187845304,0.00806451612903226,0.00552486187845304,0.00537634408602151,0.0110497237569061,0,0.0552486187845304,0.00537634408602151
243,Xena,0.0220994475138122,0.010752688172043,0,0.0134408602150538,0.0220994475138122,0.00268817204301075,0.0386740331491713,0.00537634408602151
244,Xena,0.0165745856353591,0.00806451612903226,0.00552486187845304,0.00806451612903226,0.0276243093922652,0.00268817204301075,0.0386740331491713,0.00537634408602151
245,Xena,0.0110497237569061,0.00806451612903226,0.00552486187845304,0.00806451612903226,0.00552486187845304,0,0.0497237569060773,0.0134408602150538
246,Xena,0.0165745856353591,0.00806451612903226,0.0110497237569061,0.00268817204301075,0.0276243093922652,0,0.0662983425414365,0.00537634408602151
247,Xena,0.0773480662983425,0.0672043010752688,0.0441988950276243,0.0403225806451613,0.0718232044198895,0.0295698924731183,0.104972375690608,0.0510752688172043
248,Xena,0.303867403314917,0.309139784946237,0.248618784530387,0.206989247311828,0.204419889502762,0.174731182795699,0.314917127071823,0.279569892473118
249,Xena,0.569060773480663,0.494623655913978,0.38121546961326,0.381720430107527,0.419889502762431,0.389784946236559,0.524861878453039,0.419354838709677
250,Xena,0.50828729281768,0.57258064516129,0.397790055248619,0.370967741935484,0.464088397790055,0.403225806451613,0.546961325966851,0.416666666666667
251,Xena,0.602209944751381,0.637096774193548,0.519337016574586,0.459677419354839,0.49171270718232,0.446236559139785,0.607734806629834,0.510752688172043
252,Xena,0.674033149171271,0.650537634408602,0.546961325966851,0.46505376344086,0.569060773480663,0.494623655913978,0.61878453038674,0.529569892473118
253,Xena,0.397790055248619,0.42741935483871,0.25414364640884,0.287634408602151,0.370165745856354,0.303763440860215,0.337016574585635,0.333333333333333
254,Xena,0.292817679558011,0.279569892473118,0.165745856353591,0.155913978494624,0.176795580110497,0.169354838709677,0.209944751381215,0.220430107526882
255,Xena,0.232044198895028,0.263440860215054,0.132596685082873,0.150537634408602,0.193370165745856,0.14247311827957,0.226519337016575,0.198924731182796
256,Xena,0.232044198895028,0.252688172043011,0.171270718232044,0.158602150537634,0.215469613259669,0.166666666666667,0.232044198895028,0.193548387096774
257,Xena,0.204419889502762,0.220430107526882,0.104972375690608,0.131720430107527,0.193370165745856,0.153225806451613,0.198895027624309,0.158602150537634
258,Xena,0.171270718232044,0.163978494623656,0.121546961325967,0.126344086021505,0.18232044198895,0.126344086021505,0.187845303867403,0.145161290322581
259,Xena,0.149171270718232,0.163978494623656,0.110497237569061,0.0833333333333333,0.154696132596685,0.102150537634409,0.176795580110497,0.131720430107527
260,Xena,0.165745856353591,0.147849462365591,0.0773480662983425,0.0779569892473118,0.149171270718232,0.0833333333333333,0.154696132596685,0.118279569892473
261,Euler,0.235555555555556,0.225454545454545,0.24,0.210909090909091,0.364444444444444,0.207272727272727,0.177777777777778,0.410909090909091
262,Euler,0.32,0.294545454545455,0.386666666666667,0.28,0.484444444444444,0.276363636363636,0.315555555555556,0.476363636363636
263,Euler,0.337777777777778,0.32,0.417777777777778,0.36,0.564444444444444,0.334545454545455,0.328888888888889,0.465454545454545
264,Euler,0.36,0.316363636363636,0.417777777777778,0.312727272727273,0.515555555555556,0.316363636363636,0.297777777777778,0.454545454545455
265,Euler,0.266666666666667,0.269090909090909,0.288888888888889,0.196363636363636,0.36,0.2,0.222222222222222,0.374545454545455
266,Euler,0.333333333333333,0.312727272727273,0.328888888888889,0.305454545454545,0.413333333333333,0.298181818181818,0.284444444444444,0.403636363636364
267,Euler,0.253333333333333,0.247272727272727,0.315555555555556,0.287272727272727,0.364444444444444,0.298181818181818,0.217777777777778,0.374545454545455
268,Euler,0.266666666666667,0.243636363636364,0.328888888888889,0.290909090909091,0.373333333333333,0.301818181818182,0.284444444444444,0.414545454545455
269,Euler,0.244444444444444,0.254545454545455,0.315555555555556,0.210909090909091,0.342222222222222,0.225454545454545,0.262222222222222,0.461818181818182
270,Euler,0.191111111111111,0.174545454545455,0.191111111111111,0.167272727272727,0.293333333333333,0.156363636363636,0.146666666666667,0.396363636363636
271,Euler,0.168888888888889,0.141818181818182,0.186666666666667,0.0872727272727273,0.235555555555556,0.0727272727272727,0.106666666666667,0.283636363636364
272,Euler,0.133333333333333,0.0836363636363636,0.12,0.0763636363636364,0.186666666666667,0.0618181818181818,0.08,0.229090909090909
273,Euler,0.124444444444444,0.0436363636363636,0.0933333333333333,0.0472727272727273,0.106666666666667,0.0509090909090909,0.0622222222222222,0.156363636363636
274,Euler,0.0488888888888889,0.04,0.0444444444444444,0.0327272727272727,0.0755555555555556,0.0218181818181818,0.0311111111111111,0.109090909090909
275,Euler,0.0311111111111111,0.0181818181818182,0.00444444444444444,0.00727272727272727,0.0488888888888889,0.00727272727272727,0.0133333333333333,0.0290909090909091
276,Euler,0.0355555555555556,0.0218181818181818,0.00444444444444444,0.00727272727272727,0.0177777777777778,0.00363636363636364,0.00444444444444444,0.0436363636363636
277,Euler,0.0311111111111111,0.0218181818181818,0.00444444444444444,0,0.0177777777777778,0,0.00888888888888889,0.0436363636363636
278,Euler,0.230538922155689,0.266949152542373,0.239520958083832,0.241525423728814,0.269461077844311,0.228813559322034,0.122754491017964,0.283898305084746
279,Euler,0.389221556886228,0.406779661016949,0.461077844311377,0.370762711864407,0.538922155688623,0.408898305084746,0.329341317365269,0.457627118644068
280,Euler,0.341317365269461,0.408898305084746,0.473053892215569,0.38771186440678,0.514970059880239,0.398305084745763,0.31437125748503,0.449152542372881
281,Euler,0.374251497005988,0.466101694915254,0.547904191616767,0.427966101694915,0.535928143712575,0.449152542372881,0.368263473053892,0.527542372881356
282,Euler,0.365269461077844,0.423728813559322,0.473053892215569,0.341101694915254,0.491017964071856,0.36864406779661,0.281437125748503,0.461864406779661
283,Euler,0.335329341317365,0.408898305084746,0.389221556886228,0.300847457627119,0.479041916167665,0.330508474576271,0.29940119760479,0.427966101694915
284,Euler,0.311377245508982,0.36228813559322,0.31437125748503,0.286016949152542,0.347305389221557,0.302966101694915,0.221556886227545,0.345338983050847
285,Euler,0.284431137724551,0.338983050847458,0.308383233532934,0.302966101694915,0.347305389221557,0.300847457627119,0.215568862275449,0.389830508474576
286,Euler,0.287425149700599,0.334745762711864,0.326347305389222,0.286016949152542,0.326347305389222,0.288135593220339,0.233532934131737,0.38135593220339
287,Euler,0.230538922155689,0.25635593220339,0.269461077844311,0.211864406779661,0.353293413173653,0.228813559322034,0.155688622754491,0.338983050847458
288,Euler,0.18562874251497,0.205508474576271,0.224550898203593,0.141949152542373,0.251497005988024,0.152542372881356,0.131736526946108,0.311440677966102
289,Euler,0.12874251497006,0.13771186440678,0.116766467065868,0.0699152542372881,0.224550898203593,0.0741525423728814,0.0808383233532934,0.228813559322034
290,Euler,0.101796407185629,0.127118644067797,0.0988023952095808,0.0529661016949153,0.158682634730539,0.0529661016949153,0.0748502994011976,0.177966101694915
291,Euler,0.0838323353293413,0.0847457627118644,0.0419161676646707,0.0423728813559322,0.125748502994012,0.0317796610169492,0.062874251497006,0.167372881355932
292,Euler,0.0419161676646707,0.0317796610169492,0.0209580838323353,0.0211864406779661,0.0449101796407186,0.00423728813559322,0.0209580838323353,0.11228813559322
293,Euler,0.0359281437125748,0.0529661016949153,0.0239520958083832,0.0169491525423729,0.0449101796407186,0.0190677966101695,0.0209580838323353,0.110169491525424
294,Euler,0.0269461077844311,0.0296610169491525,0.0119760479041916,0.0169491525423729,0.029940119760479,0.0127118644067797,0.00898203592814371,0.0826271186440678
295,Euler,0.0553745928338762,0.0802348336594912,0.0944625407166124,0.0626223091976517,0.0749185667752443,0.0821917808219178,0.0488599348534202,0.107632093933464
296,Euler,0.214983713355049,0.250489236790607,0.267100977198697,0.193737769080235,0.263843648208469,0.205479452054795,0.198697068403909,0.322896281800391
297,Euler,0.283387622149837,0.309197651663405,0.374592833876221,0.238747553816047,0.381107491856678,0.252446183953033,0.280130293159609,0.389432485322896
298,Euler,0.39413680781759,0.395303326810176,0.456026058631922,0.315068493150685,0.485342019543974,0.340508806262231,0.312703583061889,0.452054794520548
299,Euler,0.374592833876221,0.362035225048924,0.390879478827362,0.252446183953033,0.504885993485342,0.285714285714286,0.280130293159609,0.450097847358121
300,Euler,0.315960912052117,0.330724070450098,0.315960912052117,0.209393346379648,0.390879478827362,0.213307240704501,0.221498371335505,0.377690802348337
301,Euler,0.289902280130293,0.307240704500978,0.289902280130293,0.217221135029354,0.345276872964169,0.23091976516634,0.234527687296417,0.371819960861057
302,Euler,0.257328990228013,0.268101761252446,0.270358306188925,0.223091976516634,0.312703583061889,0.228962818003914,0.205211726384365,0.383561643835616
303,Euler,0.208469055374593,0.258317025440313,0.267100977198697,0.185909980430528,0.302931596091205,0.201565557729941,0.201954397394137,0.385518590998043
304,Euler,0.208469055374593,0.234833659491194,0.224755700325733,0.146771037181996,0.312703583061889,0.160469667318982,0.205211726384365,0.348336594911937
305,Euler,0.205211726384365,0.217221135029354,0.195439739413681,0.146771037181996,0.299674267100977,0.146771037181996,0.188925081433225,0.37573385518591
306,Euler,0.169381107491857,0.170254403131115,0.123778501628664,0.0958904109589041,0.276872964169381,0.107632093933464,0.149837133550489,0.301369863013699
307,Euler,0.0781758957654723,0.105675146771037,0.0651465798045603,0.050880626223092,0.172638436482085,0.0587084148727984,0.0618892508143322,0.195694716242661
308,Euler,0.0684039087947883,0.107632093933464,0.0618892508143322,0.0391389432485323,0.172638436482085,0.0410958904109589,0.0781758957654723,0.201565557729941
309,Euler,0.0716612377850163,0.086105675146771,0.0553745928338762,0.0410958904109589,0.153094462540717,0.0450097847358121,0.0749185667752443,0.183953033268102
310,Euler,0.0586319218241042,0.0684931506849315,0.0390879478827362,0.025440313111546,0.104234527687296,0.0273972602739726,0.0488599348534202,0.152641878669276
311,Euler,0.0586319218241042,0.0645792563600783,0.0358306188925081,0.0215264187866928,0.107491856677524,0.0273972602739726,0.0358306188925081,0.148727984344423
312,Euler,0.0371621621621622,0.0678336980306346,0.0777027027027027,0.0547045951859956,0.0675675675675676,0.0459518599562363,0.027027027027027,0.0984682713347921
313,Euler,0.108108108108108,0.135667396061269,0.202702702702703,0.12691466083151,0.216216216216216,0.135667396061269,0.10472972972973,0.223194748358862
314,Euler,0.314189189189189,0.36980306345733,0.39527027027027,0.319474835886214,0.391891891891892,0.339168490153173,0.307432432432432,0.382932166301969
315,Euler,0.405405405405405,0.444201312910284,0.52027027027027,0.354485776805252,0.432432432432432,0.385120350109409,0.337837837837838,0.439824945295405
316,Euler,0.412162162162162,0.461706783369803,0.506756756756757,0.382932166301969,0.442567567567568,0.409190371991247,0.361486486486487,0.472647702407002
317,Euler,0.364864864864865,0.409190371991247,0.398648648648649,0.347921225382932,0.415540540540541,0.339168490153173,0.327702702702703,0.426695842450766
318,Euler,0.253378378378378,0.288840262582057,0.347972972972973,0.264770240700219,0.293918918918919,0.284463894967177,0.263513513513513,0.328227571115974
319,Euler,0.307432432432432,0.310722100656455,0.351351351351351,0.328227571115974,0.371621621621622,0.310722100656455,0.317567567567568,0.422319474835886
320,Euler,0.236486486486486,0.25164113785558,0.277027027027027,0.238512035010941,0.337837837837838,0.25382932166302,0.256756756756757,0.400437636761488
321,Euler,0.195945945945946,0.258205689277899,0.233108108108108,0.227571115973742,0.347972972972973,0.25164113785558,0.314189189189189,0.413566739606127
322,Euler,0.168918918918919,0.192560175054705,0.165540540540541,0.131291028446389,0.297297297297297,0.137855579868709,0.185810810810811,0.297592997811816
323,Euler,0.0912162162162162,0.105032822757112,0.097972972972973,0.074398249452954,0.168918918918919,0.0787746170678337,0.097972972972973,0.207877461706783
324,Euler,0.0945945945945946,0.115973741794311,0.0743243243243243,0.074398249452954,0.179054054054054,0.0765864332603939,0.111486486486486,0.179431072210066
325,Euler,0.0574324324324324,0.0984682713347921,0.0641891891891892,0.0547045951859956,0.172297297297297,0.0525164113785558,0.0709459459459459,0.166301969365427
326,Euler,0.0405405405405405,0.0809628008752735,0.0506756756756757,0.0328227571115974,0.118243243243243,0.0328227571115974,0.0472972972972973,0.12035010940919
327,Euler,0.0337837837837838,0.0722100656455142,0.0472972972972973,0.0218818380743982,0.108108108108108,0.0196936542669584,0.0540540540540541,0.12691466083151
328,Euler,0.20253164556962,0.195744680851064,0.348101265822785,0.246808510638298,0.310126582278481,0.2,0.19620253164557,0.374468085106383
329,Euler,0.259493670886076,0.246808510638298,0.430379746835443,0.336170212765957,0.335443037974684,0.293617021276596,0.246835443037975,0.348936170212766
330,Euler,0.259493670886076,0.229787234042553,0.443037974683544,0.348936170212766,0.436708860759494,0.297872340425532,0.278481012658228,0.438297872340426
331,Euler,0.272151898734177,0.246808510638298,0.348101265822785,0.259574468085106,0.405063291139241,0.212765957446809,0.215189873417722,0.34468085106383
332,Euler,0.20253164556962,0.204255319148936,0.341772151898734,0.272340425531915,0.405063291139241,0.25531914893617,0.278481012658228,0.306382978723404
333,Euler,0.20253164556962,0.153191489361702,0.30379746835443,0.246808510638298,0.335443037974684,0.217021276595745,0.227848101265823,0.314893617021277
334,Euler,0.240506329113924,0.174468085106383,0.265822784810127,0.268085106382979,0.310126582278481,0.229787234042553,0.246835443037975,0.34468085106383
335,Euler,0.259493670886076,0.204255319148936,0.221518987341772,0.280851063829787,0.379746835443038,0.246808510638298,0.259493670886076,0.387234042553191
336,Euler,0.151898734177215,0.123404255319149,0.170886075949367,0.170212765957447,0.246835443037975,0.165957446808511,0.164556962025316,0.336170212765957
337,Euler,0.0886075949367089,0.161702127659574,0.170886075949367,0.123404255319149,0.20253164556962,0.127659574468085,0.139240506329114,0.28936170212766
338,Euler,0.0822784810126582,0.0851063829787234,0.0949367088607595,0.0808510638297872,0.164556962025316,0.0553191489361702,0.0886075949367089,0.234042553191489
339,Euler,0.0379746835443038,0.051063829787234,0.0379746835443038,0.0382978723404255,0.126582278481013,0.025531914893617,0.0506329113924051,0.127659574468085
340,Euler,0.0379746835443038,0.0382978723404255,0.0379746835443038,0.0425531914893617,0.0822784810126582,0.025531914893617,0.0316455696202532,0.127659574468085
341,Euler,0.213720316622691,0.20404984423676,0.327176781002639,0.179127725856698,0.33245382585752,0.208722741433022,0.171503957783641,0.412772585669782
342,Euler,0.350923482849604,0.344236760124611,0.448548812664908,0.372274143302181,0.503957783641161,0.369158878504673,0.29287598944591,0.540498442367601
343,Euler,0.387862796833773,0.322429906542056,0.493403693931398,0.401869158878505,0.525065963060686,0.394080996884735,0.303430079155673,0.554517133956386
344,Euler,0.387862796833773,0.372274143302181,0.527704485488127,0.38006230529595,0.554089709762533,0.394080996884735,0.390501319261214,0.595015576323987
345,Euler,0.385224274406332,0.356697819314642,0.45646437994723,0.302180685358255,0.482849604221636,0.327102803738318,0.308707124010554,0.517133956386293
346,Euler,0.398416886543536,0.35202492211838,0.411609498680739,0.342679127725857,0.451187335092348,0.328660436137072,0.356200527704486,0.481308411214953
347,Euler,0.282321899736148,0.289719626168224,0.353562005277045,0.272585669781931,0.361477572559367,0.292834890965732,0.266490765171504,0.426791277258567
348,Euler,0.282321899736148,0.294392523364486,0.395778364116095,0.308411214953271,0.37467018469657,0.330218068535826,0.29023746701847,0.47196261682243
349,Euler,0.258575197889182,0.257009345794392,0.377308707124011,0.291277258566978,0.395778364116095,0.322429906542056,0.274406332453826,0.5
350,Euler,0.200527704485488,0.208722741433022,0.29023746701847,0.224299065420561,0.319261213720317,0.255451713395639,0.224274406332454,0.461059190031153
351,Euler,0.184696569920844,0.196261682242991,0.261213720316623,0.207165109034268,0.313984168865435,0.224299065420561,0.187335092348285,0.419003115264797
352,Euler,0.118733509234828,0.135514018691589,0.153034300791557,0.116822429906542,0.258575197889182,0.105919003115265,0.12401055408971,0.328660436137072
353,Euler,0.168865435356201,0.155763239875389,0.158311345646438,0.137071651090343,0.240105540897098,0.104361370716511,0.137203166226913,0.283489096573209
354,Euler,0.113456464379947,0.14018691588785,0.129287598944591,0.0919003115264797,0.245382585751979,0.0794392523364486,0.12664907651715,0.257009345794392
355,Euler,0.0659630606860158,0.0747663551401869,0.0606860158311346,0.0404984423676012,0.121372031662269,0.029595015576324,0.050131926121372,0.172897196261682
356,Euler,0.0580474934036939,0.0794392523364486,0.0554089709762533,0.0327102803738318,0.118733509234828,0.0280373831775701,0.0580474934036939,0.182242990654206
357,Euler,0.0527704485488127,0.0654205607476635,0.0448548812664908,0.0264797507788162,0.12401055408971,0.0171339563862928,0.0422163588390501,0.158878504672897
358,Xena,0.0264900662251656,0.0329474621549421,0.0286975717439294,0.01246660730187,0.0198675496688742,0.00890471950133571,0.0198675496688742,0.0178094390026714
359,Xena,0.141280353200883,0.136242208370436,0.136865342163355,0.0899376669634906,0.119205298013245,0.0881567230632235,0.11037527593819,0.105075690115761
360,Xena,0.185430463576159,0.173642030276046,0.143487858719647,0.108637577916296,0.154525386313466,0.102404274265361,0.152317880794702,0.119323241317898
361,Xena,0.2560706401766,0.28673196794301,0.229580573951435,0.208370436331256,0.253863134657837,0.17453250222618,0.242825607064018,0.227960819234194
362,Xena,0.298013245033113,0.294746215494212,0.242825607064018,0.206589492430988,0.245033112582781,0.195013357079252,0.242825607064018,0.216384683882458
363,Xena,0.216335540838852,0.219056099732858,0.112582781456954,0.104185218165628,0.158940397350993,0.100623330365093,0.15673289183223,0.131789848619768
364,Xena,0.23841059602649,0.244879786286732,0.125827814569536,0.128227960819234,0.194260485651214,0.130008904719501,0.17439293598234,0.163846838824577
365,Xena,0.233995584988962,0.254674977738201,0.150110375275938,0.152270703472841,0.194260485651214,0.164737310774711,0.203090507726269,0.180765805877115
366,Xena,0.205298013245033,0.212822796081923,0.116997792494481,0.121104185218166,0.183222958057395,0.116651825467498,0.158940397350993,0.148708815672306
367,Xena,0.178807947019868,0.18699910952805,0.112582781456954,0.109528049866429,0.161147902869757,0.105966162065895,0.114790286975717,0.136242208370436
368,Xena,0.147902869757174,0.183437221727516,0.0838852097130243,0.0997328584149599,0.154525386313466,0.0899376669634906,0.121412803532009,0.120213713268032
369,Xena,0.145695364238411,0.152270703472841,0.0662251655629139,0.0908281389136242,0.1280353200883,0.0845948352626892,0.0927152317880795,0.102404274265361
370,Xena,0,0,0,0,0,0,0,0
371,Xena,0.0136612021857923,0.0175219023779725,0.0109289617486339,0.00750938673341677,0.00819672131147541,0.0125156445556946,0.0163934426229508,0.00375469336670839
372,Xena,0.101092896174863,0.11639549436796,0.092896174863388,0.0663329161451815,0.0846994535519126,0.065081351689612,0.0546448087431694,0.0738423028785982
373,Xena,0.245901639344262,0.291614518147685,0.224043715846995,0.215269086357947,0.256830601092896,0.226533166458073,0.193989071038251,0.241551939924906
374,Xena,0.292349726775956,0.305381727158949,0.259562841530055,0.212765957446809,0.300546448087432,0.222778473091364,0.23224043715847,0.261576971214018
375,Xena,0.371584699453552,0.376720901126408,0.259562841530055,0.237797246558198,0.292349726775956,0.271589486858573,0.295081967213115,0.290362953692115
376,Xena,0.33879781420765,0.364205256570713,0.314207650273224,0.266583229036295,0.297814207650273,0.285356695869837,0.262295081967213,0.266583229036295
377,Xena,0.371584699453552,0.380475594493116,0.300546448087432,0.30287859824781,0.314207650273224,0.305381727158949,0.330601092896175,0.306633291614518
378,Xena,0.292349726775956,0.296620775969962,0.218579234972678,0.201501877346683,0.245901639344262,0.205256570713392,0.265027322404372,0.221526908635795
379,Xena,0.289617486338798,0.291614518147685,0.158469945355191,0.180225281602002,0.237704918032787,0.182728410513141,0.245901639344262,0.222778473091364
380,Xena,0.281420765027322,0.295369211514393,0.172131147540984,0.178973717146433,0.226775956284153,0.175219023779725,0.213114754098361,0.183979974968711
381,Xena,0.215846994535519,0.227784730913642,0.147540983606557,0.106382978723404,0.188524590163934,0.122653316645807,0.172131147540984,0.126408010012516
382,Xena,0.112021857923497,0.122653316645807,0.0819672131147541,0.0600750938673342,0.122950819672131,0.0675844806007509,0.0683060109289618,0.0663329161451815
383,Xena,0.103825136612022,0.11639549436796,0.0737704918032787,0.0625782227784731,0.114754098360656,0.0675844806007509,0.101092896174863,0.0738423028785982
384,Xena,0.0901639344262295,0.113892365456821,0.0765027322404372,0.0638297872340425,0.114754098360656,0.065081351689612,0.0655737704918033,0.0600750938673342
385,Xena,0.0655737704918033,0.100125156445557,0.0765027322404372,0.0350438047559449,0.087431693989071,0.0475594493116396,0.0628415300546448,0.0438047559449312
386,Xena,0.0546448087431694,0.081351689612015,0.046448087431694,0.032540675844806,0.0819672131147541,0.0362953692115144,0.0573770491803279,0.0375469336670839
387,Xena,0,0.00100806451612903,0,0,0,0,0,0
388,Xena,0.0136674259681093,0.0120967741935484,0.00911161731207289,0.00100806451612903,0.00455580865603645,0.00604838709677419,0,0.00201612903225806
389,Xena,0.0364464692482916,0.0534274193548387,0.0455580865603645,0.0221774193548387,0.0296127562642369,0.032258064516129,0.0136674259681093,0.0272177419354839
390,Xena,0.184510250569476,0.203629032258065,0.150341685649203,0.151209677419355,0.132118451025057,0.158266129032258,0.129840546697039,0.158266129032258
391,Xena,0.230068337129841,0.248991935483871,0.191343963553531,0.164314516129032,0.211845102505695,0.172379032258065,0.170842824601367,0.184475806451613
392,Xena,0.250569476082005,0.278225806451613,0.177676537585421,0.184475806451613,0.168564920273349,0.169354838709677,0.232346241457859,0.196572580645161
393,Xena,0.214123006833713,0.231854838709677,0.157175398633257,0.155241935483871,0.175398633257403,0.155241935483871,0.214123006833713,0.154233870967742
394,Xena,0.296127562642369,0.287298387096774,0.248291571753986,0.210685483870968,0.209567198177677,0.195564516129032,0.26879271070615,0.193548387096774
395,Xena,0.328018223234624,0.33366935483871,0.255125284738041,0.262096774193548,0.246013667425968,0.243951612903226,0.318906605922551,0.231854838709677
396,Xena,0.321184510250569,0.3125,0.214123006833713,0.251008064516129,0.193621867881549,0.219758064516129,0.296127562642369,0.224798387096774
397,Xena,0.220956719817768,0.20866935483871,0.109339407744875,0.145161290322581,0.118451025056948,0.13508064516129,0.193621867881549,0.134072580645161
398,Xena,0.24373576309795,0.20866935483871,0.148063781321185,0.163306451612903,0.129840546697039,0.14616935483871,0.177676537585421,0.138104838709677
399,Xena,0.198177676537585,0.196572580645161,0.152619589977221,0.142137096774194,0.148063781321185,0.125,0.175398633257403,0.127016129032258
400,Xena,0.182232346241458,0.167338709677419,0.118451025056948,0.110887096774194,0.118451025056948,0.0957661290322581,0.118451025056948,0.09375
401,Xena,0.16628701594533,0.149193548387097,0.118451025056948,0.104838709677419,0.118451025056948,0.0917338709677419,0.118451025056948,0.0897177419354839
402,Xena,0.17995444191344,0.16633064516129,0.120728929384966,0.113911290322581,0.134396355353075,0.102822580645161,0.143507972665148,0.092741935483871
403,Xena,0.14123006833713,0.117943548387097,0.0956719817767654,0.0907258064516129,0.104783599088838,0.0887096774193548,0.129840546697039,0.0776209677419355
404,Xena,0.010443864229765,0.0120048019207683,0.00783289817232376,0.00240096038415366,0.00783289817232376,0.00240096038415366,0,0.00240096038415366
405,Xena,0.0731070496083551,0.0720288115246098,0.0757180156657963,0.0456182472989196,0.0443864229765013,0.0480192076830732,0.0287206266318538,0.0348139255702281
406,Xena,0.130548302872063,0.123649459783914,0.143603133159269,0.108043217286915,0.107049608355091,0.0948379351740696,0.0757180156657963,0.102040816326531
407,Xena,0.164490861618799,0.207683073229292,0.159268929503916,0.136854741896759,0.14621409921671,0.123649459783914,0.140992167101828,0.14405762304922
408,Xena,0.216710182767624,0.240096038415366,0.180156657963446,0.165666266506603,0.164490861618799,0.166866746698679,0.195822454308094,0.194477791116447
409,Xena,0.255874673629243,0.226890756302521,0.185378590078329,0.201680672268908,0.180156657963446,0.190876350540216,0.211488250652742,0.207683073229292
410,Xena,0.198433420365535,0.213685474189676,0.159268929503916,0.165666266506603,0.172323759791123,0.177671068427371,0.18798955613577,0.182472989195678
411,Xena,0.263707571801567,0.255702280912365,0.156657963446475,0.201680672268908,0.195822454308094,0.188475390156062,0.237597911227154,0.207683073229292
412,Xena,0.344647519582245,0.324129651860744,0.190600522193211,0.236494597839136,0.27154046997389,0.240096038415366,0.295039164490862,0.256902761104442
413,Xena,0.318537859007833,0.308523409363746,0.16710182767624,0.214885954381753,0.25065274151436,0.202881152460984,0.279373368146214,0.24609843937575
414,Xena,0.248041775456919,0.252100840336134,0.161879895561358,0.159663865546218,0.2088772845953,0.160864345738295,0.216710182767624,0.171668667466987
415,Xena,0.221932114882507,0.207683073229292,0.156657963446475,0.14765906362545,0.169712793733681,0.136854741896759,0.177545691906005,0.150060024009604
416,Xena,0.180156657963446,0.17046818727491,0.135770234986945,0.128451380552221,0.14621409921671,0.12484993997599,0.16710182767624,0.139255702280912
417,Xena,0,0.0022883295194508,0,0,0,0,0.002710027100271,0.0011441647597254
418,Xena,0,0.011441647597254,0.00542005420054201,0.0011441647597254,0.00542005420054201,0.0022883295194508,0.00542005420054201,0.0011441647597254
419,Xena,0.024390243902439,0.0320366132723112,0.037940379403794,0.0068649885583524,0.037940379403794,0.0068649885583524,0.02710027100271,0.022883295194508
420,Xena,0.186991869918699,0.19908466819222,0.165311653116531,0.0949656750572082,0.16260162601626,0.0789473684210526,0.127371273712737,0.1441647597254
421,Xena,0.314363143631436,0.327231121281465,0.249322493224932,0.184210526315789,0.241192411924119,0.155606407322654,0.195121951219512,0.208237986270023
422,Xena,0.314363143631436,0.314645308924485,0.224932249322493,0.161327231121281,0.24390243902439,0.160183066361556,0.176151761517615,0.172768878718535
423,Xena,0.224932249322493,0.259725400457666,0.146341463414634,0.110983981693364,0.18970189701897,0.110983981693364,0.132791327913279,0.122425629290618
424,Xena,0.281842818428184,0.295194508009153,0.181571815718157,0.128146453089245,0.200542005420054,0.11441647597254,0.165311653116531,0.131578947368421
425,Xena,0.257452574525745,0.218535469107551,0.168021680216802,0.120137299771167,0.200542005420054,0.108695652173913,0.16260162601626,0.148741418764302
426,Xena,0.224932249322493,0.203661327231121,0.13550135501355,0.110983981693364,0.170731707317073,0.102974828375286,0.143631436314363,0.127002288329519
427,Xena,0.214092140921409,0.207093821510297,0.121951219512195,0.113272311212815,0.146341463414634,0.104118993135011,0.157181571815718,0.135011441647597
428,Xena,0.18970189701897,0.179633867276888,0.119241192411924,0.0938215102974828,0.170731707317073,0.0983981693363844,0.130081300813008,0.120137299771167
429,Xena,0.143631436314363,0.154462242562929,0.0867208672086721,0.0720823798627002,0.127371273712737,0.0755148741418764,0.13550135501355,0.0949656750572082
430,Xena,0,0,0,0,0,0,0,0
431,Xena,0.004,0.00350262697022767,0,0.00700525394045534,0.004,0.00175131348511384,0,0.00175131348511384
432,Xena,0.012,0.010507880910683,0.004,0.00875656742556918,0.004,0.00175131348511384,0,0.00525394045534151
433,Xena,0.148,0.129597197898424,0.116,0.0928196147110333,0.164,0.0805604203152364,0.08,0.124343257443082
434,Xena,0.304,0.281961471103327,0.272,0.161120840630473,0.28,0.164623467600701,0.176,0.257443082311734
435,Xena,0.412,0.42031523642732,0.356,0.25569176882662,0.384,0.260945709281961,0.268,0.320490367775832
436,Xena,0.472,0.4430823117338,0.316,0.271453590192644,0.38,0.252189141856392,0.276,0.274956217162872
437,Xena,0.42,0.392294220665499,0.296,0.259194395796848,0.312,0.222416812609457,0.24,0.25569176882662
438,Xena,0.264,0.225919439579685,0.148,0.136602451838879,0.144,0.126094570928196,0.164,0.157618213660245
439,Xena,0.244,0.225919439579685,0.192,0.159369527145359,0.148,0.143607705779334,0.196,0.176882661996497
440,Xena,0.256,0.243432574430823,0.204,0.145359019264448,0.18,0.129597197898424,0.16,0.17338003502627
441,Xena,0.204,0.182136602451839,0.14,0.103327495621716,0.172,0.0963222416812609,0.132,0.159369527145359
442,Xena,0.196,0.169877408056042,0.104,0.0963222416812609,0.164,0.108581436077058,0.12,0.134851138353765
443,Xena,0.184,0.175131348511384,0.104,0.0893169877408056,0.152,0.110332749562172,0.148,0.134851138353765
444,Xena,0.156,0.159369527145359,0.1,0.0823117338003503,0.132,0.0823117338003503,0.132,0.120840630472855
445,Xena,0,0,0,0,0,0,0,0
446,Xena,0,0.0029940119760479,0,0,0,0,0,0
447,Xena,0.0909090909090909,0.0718562874251497,0.048951048951049,0.0419161676646707,0.0769230769230769,0.0479041916167665,0.027972027972028,0.0688622754491018
448,Xena,0.41958041958042,0.413173652694611,0.272727272727273,0.338323353293413,0.335664335664336,0.311377245508982,0.342657342657343,0.320359281437126
449,Xena,0.517482517482518,0.514970059880239,0.433566433566434,0.416167664670659,0.454545454545455,0.401197604790419,0.426573426573427,0.455089820359281
450,Xena,0.510489510489511,0.532934131736527,0.447552447552448,0.44311377245509,0.391608391608392,0.422155688622754,0.377622377622378,0.449101796407186
451,Xena,0.601398601398601,0.592814371257485,0.433566433566434,0.458083832335329,0.405594405594406,0.44311377245509,0.384615384615385,0.440119760479042
452,Xena,0.447552447552448,0.470059880239521,0.286713286713287,0.290419161676647,0.314685314685315,0.269461077844311,0.27972027972028,0.227544910179641
453,Xena,0.447552447552448,0.419161676646707,0.272727272727273,0.227544910179641,0.244755244755245,0.209580838323353,0.27972027972028,0.161676646706587
454,Xena,0.391608391608392,0.368263473053892,0.258741258741259,0.20059880239521,0.20979020979021,0.158682634730539,0.237762237762238,0.164670658682635
455,Xena,0.188811188811189,0.236526946107784,0.111888111888112,0.107784431137725,0.125874125874126,0.0748502994011976,0.132867132867133,0.101796407185629
456,Xena,0.181818181818182,0.191616766467066,0.0769230769230769,0.0838323353293413,0.13986013986014,0.0748502994011976,0.153846153846154,0.0988023952095808
457,Xena,0.104895104895105,0.143712574850299,0.048951048951049,0.092814371257485,0.13986013986014,0.0688622754491018,0.125874125874126,0.0898203592814371
458,Xena,0.0839160839160839,0.11377245508982,0.048951048951049,0.0688622754491018,0.125874125874126,0.0568862275449102,0.104895104895105,0.0808383233532934
459,Xena,0.0839160839160839,0.0658682634730539,0.041958041958042,0.0508982035928144,0.0769230769230769,0.029940119760479,0.0979020979020979,0.0718562874251497
460,Xena,0.0699300699300699,0.0778443113772455,0.041958041958042,0.0538922155688623,0.0699300699300699,0.0359281437125748,0.0699300699300699,0.0598802395209581
461,Xena,0,0.001953125,0,0.001953125,0,0.001953125,0,0
462,Xena,0,0.001953125,0.00467289719626168,0,0,0,0,0
463,Xena,0.014018691588785,0.013671875,0.00467289719626168,0.00390625,0.00934579439252336,0.00390625,0,0.00390625
464,Xena,0.0794392523364486,0.056640625,0.0280373831775701,0.0390625,0.0794392523364486,0.046875,0.014018691588785,0.044921875
465,Xena,0.228971962616822,0.1875,0.130841121495327,0.140625,0.172897196261682,0.1484375,0.149532710280374,0.181640625
466,Xena,0.378504672897196,0.279296875,0.242990654205607,0.220703125,0.247663551401869,0.20703125,0.205607476635514,0.25
467,Xena,0.420560747663551,0.333984375,0.280373831775701,0.2734375,0.228971962616822,0.251953125,0.294392523364486,0.27734375
468,Xena,0.401869158878505,0.349609375,0.228971962616822,0.23046875,0.271028037383178,0.193359375,0.313084112149533,0.2578125
469,Xena,0.397196261682243,0.3203125,0.177570093457944,0.216796875,0.219626168224299,0.20703125,0.289719626168224,0.2421875
470,Xena,0.369158878504673,0.326171875,0.172897196261682,0.19921875,0.210280373831776,0.205078125,0.336448598130841,0.2265625
471,Xena,0.191588785046729,0.220703125,0.11214953271028,0.130859375,0.144859813084112,0.119140625,0.224299065420561,0.177734375
472,Xena,0.196261682242991,0.224609375,0.163551401869159,0.142578125,0.130841121495327,0.12890625,0.214953271028037,0.169921875
473,Xena,0.233644859813084,0.21484375,0.172897196261682,0.169921875,0.158878504672897,0.134765625,0.186915887850467,0.181640625
474,Xena,0.163551401869159,0.20703125,0.0981308411214953,0.13671875,0.116822429906542,0.1015625,0.177570093457944,0.142578125
475,Xena,0.168224299065421,0.205078125,0.0841121495327103,0.126953125,0.11214953271028,0.111328125,0.168224299065421,0.14453125
476,Xena,0.158878504672897,0.208984375,0.0934579439252336,0.140625,0.102803738317757,0.12109375,0.168224299065421,0.130859375
477,Xena,0,0,0,0,0,0,0,0
478,Xena,0,0.00210970464135021,0,0.00210970464135021,0,0.00210970464135021,0,0
479,Xena,0.00497512437810945,0.00843881856540084,0.00497512437810945,0.00632911392405063,0.00995024875621891,0.00210970464135021,0,0.0126582278481013
480,Xena,0.0398009950248756,0.0337552742616034,0.00497512437810945,0.0147679324894515,0.0199004975124378,0.00632911392405063,0.0298507462686567,0.0232067510548523
481,Xena,0.0696517412935323,0.0886075949367089,0.0248756218905473,0.0421940928270042,0.0895522388059701,0.0210970464135021,0.0895522388059701,0.0485232067510548
482,Xena,0.144278606965174,0.154008438818565,0.0845771144278607,0.0907172995780591,0.169154228855721,0.0654008438818565,0.144278606965174,0.143459915611814
483,Xena,0.228855721393035,0.19831223628692,0.129353233830846,0.132911392405063,0.194029850746269,0.111814345991561,0.238805970149254,0.175105485232068
484,Xena,0.258706467661692,0.246835443037975,0.149253731343284,0.166666666666667,0.18407960199005,0.143459915611814,0.258706467661692,0.183544303797468
485,Xena,0.343283582089552,0.322784810126582,0.218905472636816,0.206751054852321,0.213930348258706,0.185654008438819,0.258706467661692,0.179324894514768
486,Xena,0.283582089552239,0.221518987341772,0.109452736318408,0.158227848101266,0.174129353233831,0.128691983122363,0.213930348258706,0.151898734177215
487,Xena,0.26865671641791,0.236286919831224,0.18407960199005,0.177215189873418,0.189054726368159,0.162447257383966,0.248756218905473,0.208860759493671
488,Xena,0.228855721393035,0.232067510548523,0.159203980099502,0.189873417721519,0.17910447761194,0.151898734177215,0.26865671641791,0.172995780590717
489,Xena,0.223880597014925,0.221518987341772,0.154228855721393,0.170886075949367,0.189054726368159,0.126582278481013,0.243781094527363,0.181434599156118
490,Xena,0.208955223880597,0.20253164556962,0.129353233830846,0.164556962025316,0.194029850746269,0.126582278481013,0.248756218905473,0.175105485232068
491,Xena,0.203980099502488,0.210970464135021,0.169154228855721,0.158227848101266,0.17910447761194,0.132911392405063,0.223880597014925,0.181434599156118
492,Xena,0.169154228855721,0.215189873417722,0.194029850746269,0.170886075949367,0.174129353233831,0.141350210970464,0.248756218905473,0.181434599156118
493,Xena,0.18407960199005,0.215189873417722,0.139303482587065,0.168776371308017,0.17910447761194,0.141350210970464,0.238805970149254,0.183544303797468
494,Xena,0,0,0,0,0,0,0,0
495,Xena,0.015748031496063,0.00638977635782748,0.00393700787401575,0.00159744408945687,0,0,0,0
496,Xena,0.0236220472440945,0.0143769968051118,0.00393700787401575,0.00319488817891374,0.0118110236220472,0.00319488817891374,0.0078740157480315,0.00638977635782748
497,Xena,0.0708661417322835,0.0335463258785942,0.0118110236220472,0.0159744408945687,0.0275590551181102,0.00958466453674121,0.0196850393700787,0.0255591054313099
498,Xena,0.228346456692913,0.180511182108626,0.0866141732283465,0.097444089456869,0.133858267716535,0.0990415335463259,0.114173228346457,0.105431309904153
499,Xena,0.326771653543307,0.255591054313099,0.177165354330709,0.170926517571885,0.177165354330709,0.15814696485623,0.153543307086614,0.151757188498403
500,Xena,0.311023622047244,0.26517571884984,0.208661417322835,0.18370607028754,0.181102362204724,0.161341853035144,0.200787401574803,0.175718849840256
501,Xena,0.34251968503937,0.298722044728434,0.173228346456693,0.182108626198083,0.177165354330709,0.15814696485623,0.196850393700787,0.169329073482428
502,Xena,0.28740157480315,0.257188498402556,0.15748031496063,0.172523961661342,0.161417322834646,0.159744408945687,0.169291338582677,0.199680511182109
503,Xena,0.251968503937008,0.21405750798722,0.133858267716535,0.164536741214058,0.149606299212598,0.124600638977636,0.15748031496063,0.138977635782748
504,Xena,0.263779527559055,0.230031948881789,0.149606299212598,0.180511182108626,0.169291338582677,0.159744408945687,0.169291338582677,0.170926517571885
505,Xena,0.208661417322835,0.178913738019169,0.145669291338583,0.135782747603834,0.137795275590551,0.118210862619808,0.149606299212598,0.13258785942492
506,Xena,0.228346456692913,0.188498402555911,0.145669291338583,0.169329073482428,0.169291338582677,0.167731629392971,0.188976377952756,0.156549520766773
507,Xena,0.21259842519685,0.191693290734824,0.122047244094488,0.188498402555911,0.192913385826772,0.143769968051118,0.18503937007874,0.162939297124601
508,Xena,0.240157480314961,0.199680511182109,0.153543307086614,0.156549520766773,0.177165354330709,0.129392971246006,0.149606299212598,0.146964856230032
509,Xena,0.224409448818898,0.196485623003195,0.125984251968504,0.142172523961661,0.153543307086614,0.116613418530351,0.145669291338583,0.130990415335463
