channelN,session,sessionName,channelNames,cortexFlag,site,sitelabel,laminarFlag,depth,monkeyFlag,monkeyName,fixTime_pBurst_lfp,stopTime_pBurst_lfp,cancelTime_pBurst_lfp,toneTime_pBurst_lfp,errorTime_pBurst_lfp,laminar,upper_lower
6,14,eulsef20120910c-01,AD22,1,1,p1,1,1,0,Euler,0.235555555555556,0.0622222222222222,0.2,0.324444444444444,0.449612403100775,L2,Upper
7,14,eulsef20120910c-01,AD23,1,1,p1,1,2,0,Euler,0.32,0.0533333333333333,0.311111111111111,0.44,0.565891472868217,L2,Upper
8,14,eulsef20120910c-01,AD24,1,1,p1,1,3,0,Euler,0.337777777777778,0.0577777777777778,0.346666666666667,0.466666666666667,0.581395348837209,L2,Upper
9,14,eulsef20120910c-01,AD25,1,1,p1,1,4,0,Euler,0.36,0.0311111111111111,0.297777777777778,0.457777777777778,0.589147286821705,L2,Upper
10,14,eulsef20120910c-01,AD26,1,1,p1,1,5,0,Euler,0.266666666666667,0.0488888888888889,0.195555555555556,0.32,0.465116279069767,L3,Upper
11,14,eulsef20120910c-01,AD27,1,1,p1,1,6,0,Euler,0.333333333333333,0.08,0.297777777777778,0.368888888888889,0.573643410852713,L3,Upper
12,14,eulsef20120910c-01,AD28,1,1,p1,1,7,0,Euler,0.253333333333333,0.0844444444444444,0.24,0.324444444444444,0.511627906976744,L3,Upper
13,14,eulsef20120910c-01,AD29,1,1,p1,1,8,0,Euler,0.266666666666667,0.0622222222222222,0.186666666666667,0.386666666666667,0.488372093023256,L3,Upper
14,14,eulsef20120910c-01,AD30,1,1,p1,1,9,0,Euler,0.244444444444444,0.0622222222222222,0.191111111111111,0.342222222222222,0.472868217054264,L5,Lower
15,14,eulsef20120910c-01,AD31,1,1,p1,1,10,0,Euler,0.191111111111111,0.0488888888888889,0.111111111111111,0.293333333333333,0.372093023255814,L5,Lower
16,14,eulsef20120910c-01,AD32,1,1,p1,1,11,0,Euler,0.168888888888889,0.0622222222222222,0.111111111111111,0.208888888888889,0.341085271317829,L5,Lower
17,14,eulsef20120910c-01,AD33,1,1,p1,1,12,0,Euler,0.133333333333333,0.0444444444444444,0.0533333333333333,0.155555555555556,0.263565891472868,L5,Lower
18,14,eulsef20120910c-01,AD34,1,1,p1,1,13,0,Euler,0.124444444444444,0.0488888888888889,0.0711111111111111,0.0844444444444444,0.178294573643411,L6,Lower
19,14,eulsef20120910c-01,AD35,1,1,p1,1,14,0,Euler,0.0488888888888889,0.0444444444444444,0.0355555555555556,0.0622222222222222,0.170542635658915,L6,Lower
20,14,eulsef20120910c-01,AD36,1,1,p1,1,15,0,Euler,0.0311111111111111,0.0444444444444444,0.00444444444444444,0.0355555555555556,0.131782945736434,L6,Lower
21,14,eulsef20120910c-01,AD37,1,1,p1,1,16,0,Euler,0.0355555555555556,0.0533333333333333,0,0.0177777777777778,0.116279069767442,L6,Lower
22,14,eulsef20120910c-01,AD38,1,1,p1,1,17,0,Euler,0.0311111111111111,0.0577777777777778,0,0.00888888888888889,0.10077519379845,L6,Lower
6,15,eulsef20120911c-01,AD22,1,1,p1,1,1,0,Euler,0.230538922155689,0.0508982035928144,0.18562874251497,0.236526946107784,0.443850267379679,L2,Upper
7,15,eulsef20120911c-01,AD23,1,1,p1,1,2,0,Euler,0.389221556886228,0.029940119760479,0.416167664670659,0.476047904191617,0.647058823529412,L2,Upper
8,15,eulsef20120911c-01,AD24,1,1,p1,1,3,0,Euler,0.341317365269461,0.0239520958083832,0.413173652694611,0.473053892215569,0.689839572192513,L2,Upper
9,15,eulsef20120911c-01,AD25,1,1,p1,1,4,0,Euler,0.374251497005988,0.0538922155688623,0.505988023952096,0.532934131736527,0.689839572192513,L2,Upper
10,15,eulsef20120911c-01,AD26,1,1,p1,1,5,0,Euler,0.365269461077844,0.0449101796407186,0.449101796407186,0.473053892215569,0.641711229946524,L3,Upper
11,15,eulsef20120911c-01,AD27,1,1,p1,1,6,0,Euler,0.335329341317365,0.0269461077844311,0.350299401197605,0.410179640718563,0.572192513368984,L3,Upper
12,15,eulsef20120911c-01,AD28,1,1,p1,1,7,0,Euler,0.311377245508982,0.0419161676646707,0.284431137724551,0.317365269461078,0.540106951871658,L3,Upper
13,15,eulsef20120911c-01,AD29,1,1,p1,1,8,0,Euler,0.284431137724551,0.0329341317365269,0.287425149700599,0.31437125748503,0.566844919786096,L3,Upper
14,15,eulsef20120911c-01,AD30,1,1,p1,1,9,0,Euler,0.287425149700599,0.0329341317365269,0.278443113772455,0.305389221556886,0.598930481283422,L5,Lower
15,15,eulsef20120911c-01,AD31,1,1,p1,1,10,0,Euler,0.230538922155689,0.0389221556886228,0.176646706586826,0.29940119760479,0.561497326203209,L5,Lower
16,15,eulsef20120911c-01,AD32,1,1,p1,1,11,0,Euler,0.18562874251497,0.0269461077844311,0.125748502994012,0.233532934131737,0.502673796791444,L5,Lower
17,15,eulsef20120911c-01,AD33,1,1,p1,1,12,0,Euler,0.12874251497006,0.0359281437125748,0.0449101796407186,0.167664670658683,0.449197860962567,L5,Lower
18,15,eulsef20120911c-01,AD34,1,1,p1,1,13,0,Euler,0.101796407185629,0.0359281437125748,0.0389221556886228,0.110778443113772,0.374331550802139,L6,Lower
19,15,eulsef20120911c-01,AD35,1,1,p1,1,14,0,Euler,0.0838323353293413,0.0568862275449102,0.0149700598802395,0.11377245508982,0.32620320855615,L6,Lower
20,15,eulsef20120911c-01,AD36,1,1,p1,1,15,0,Euler,0.0419161676646707,0.0329341317365269,0.0029940119760479,0.0479041916167665,0.27807486631016,L6,Lower
21,15,eulsef20120911c-01,AD37,1,1,p1,1,16,0,Euler,0.0359281437125748,0.0329341317365269,0.0029940119760479,0.0419161676646707,0.27807486631016,L6,Lower
22,15,eulsef20120911c-01,AD38,1,1,p1,1,17,0,Euler,0.0269461077844311,0.0239520958083832,0.0029940119760479,0.0329341317365269,0.272727272727273,L6,Lower
8,16,eulsef20120912c-01,AD24,1,1,p1,1,1,0,Euler,0.0553745928338762,0.0456026058631922,0.0521172638436482,0.0716612377850163,0.241610738255034,L2,Upper
9,16,eulsef20120912c-01,AD25,1,1,p1,1,2,0,Euler,0.214983713355049,0.0423452768729642,0.211726384364821,0.263843648208469,0.442953020134228,L2,Upper
10,16,eulsef20120912c-01,AD26,1,1,p1,1,3,0,Euler,0.283387622149837,0.0325732899022801,0.299674267100977,0.348534201954397,0.51006711409396,L2,Upper
11,16,eulsef20120912c-01,AD27,1,1,p1,1,4,0,Euler,0.39413680781759,0.0358306188925081,0.338762214983713,0.452768729641694,0.563758389261745,L2,Upper
12,16,eulsef20120912c-01,AD28,1,1,p1,1,5,0,Euler,0.374592833876221,0.0358306188925081,0.283387622149837,0.465798045602606,0.597315436241611,L3,Upper
13,16,eulsef20120912c-01,AD29,1,1,p1,1,6,0,Euler,0.315960912052117,0.0553745928338762,0.208469055374593,0.403908794788274,0.557046979865772,L3,Upper
14,16,eulsef20120912c-01,AD30,1,1,p1,1,7,0,Euler,0.289902280130293,0.0423452768729642,0.182410423452769,0.338762214983713,0.516778523489933,L3,Upper
15,16,eulsef20120912c-01,AD31,1,1,p1,1,8,0,Euler,0.257328990228013,0.0488599348534202,0.172638436482085,0.280130293159609,0.496644295302013,L3,Upper
16,16,eulsef20120912c-01,AD32,1,1,p1,1,9,0,Euler,0.208469055374593,0.0423452768729642,0.149837133550489,0.267100977198697,0.48993288590604,L5,Lower
17,16,eulsef20120912c-01,AD33,1,1,p1,1,10,0,Euler,0.208469055374593,0.0293159609120521,0.130293159609121,0.293159609120521,0.48993288590604,L5,Lower
18,16,eulsef20120912c-01,AD34,1,1,p1,1,11,0,Euler,0.205211726384365,0.0325732899022801,0.127035830618893,0.283387622149837,0.409395973154362,L5,Lower
19,16,eulsef20120912c-01,AD35,1,1,p1,1,12,0,Euler,0.169381107491857,0.0228013029315961,0.0651465798045603,0.218241042345277,0.38255033557047,L5,Lower
20,16,eulsef20120912c-01,AD36,1,1,p1,1,13,0,Euler,0.0781758957654723,0.0325732899022801,0.0456026058631922,0.153094462540717,0.248322147651007,L6,Lower
21,16,eulsef20120912c-01,AD37,1,1,p1,1,14,0,Euler,0.0684039087947883,0.0390879478827362,0.0358306188925081,0.159609120521173,0.241610738255034,L6,Lower
22,16,eulsef20120912c-01,AD38,1,1,p1,1,15,0,Euler,0.0716612377850163,0.0228013029315961,0.0260586319218241,0.127035830618893,0.261744966442953,L6,Lower
23,16,eulsef20120912c-01,AD39,1,1,p1,1,16,0,Euler,0.0586319218241042,0.0293159609120521,0.0162866449511401,0.0912052117263844,0.201342281879195,L6,Lower
24,16,eulsef20120912c-01,AD40,1,1,p1,1,17,0,Euler,0.0586319218241042,0.0358306188925081,0.0130293159609121,0.0846905537459283,0.201342281879195,L6,Lower
9,17,eulsef20120913c-01,AD25,1,1,p1,1,1,0,Euler,0.0371621621621622,0.0608108108108108,0.0608108108108108,0.0844594594594595,0.246376811594203,L2,Upper
10,17,eulsef20120913c-01,AD26,1,1,p1,1,2,0,Euler,0.108108108108108,0.0202702702702703,0.172297297297297,0.25,0.369565217391304,L2,Upper
11,17,eulsef20120913c-01,AD27,1,1,p1,1,3,0,Euler,0.314189189189189,0.0472972972972973,0.351351351351351,0.439189189189189,0.572463768115942,L2,Upper
12,17,eulsef20120913c-01,AD28,1,1,p1,1,4,0,Euler,0.405405405405405,0.0540540540540541,0.432432432432432,0.503378378378378,0.565217391304348,L2,Upper
13,17,eulsef20120913c-01,AD29,1,1,p1,1,5,0,Euler,0.412162162162162,0.0304054054054054,0.412162162162162,0.462837837837838,0.630434782608696,L3,Upper
14,17,eulsef20120913c-01,AD30,1,1,p1,1,6,0,Euler,0.364864864864865,0.0540540540540541,0.341216216216216,0.364864864864865,0.521739130434783,L3,Upper
15,17,eulsef20120913c-01,AD31,1,1,p1,1,7,0,Euler,0.253378378378378,0.0574324324324324,0.310810810810811,0.27027027027027,0.434782608695652,L3,Upper
16,17,eulsef20120913c-01,AD32,1,1,p1,1,8,0,Euler,0.307432432432432,0.027027027027027,0.280405405405405,0.337837837837838,0.485507246376812,L3,Upper
17,17,eulsef20120913c-01,AD33,1,1,p1,1,9,0,Euler,0.236486486486486,0.0371621621621622,0.195945945945946,0.314189189189189,0.41304347826087,L5,Lower
18,17,eulsef20120913c-01,AD34,1,1,p1,1,10,0,Euler,0.195945945945946,0.0371621621621622,0.168918918918919,0.341216216216216,0.442028985507246,L5,Lower
19,17,eulsef20120913c-01,AD35,1,1,p1,1,11,0,Euler,0.168918918918919,0.0304054054054054,0.138513513513514,0.287162162162162,0.355072463768116,L5,Lower
20,17,eulsef20120913c-01,AD36,1,1,p1,1,12,0,Euler,0.0912162162162162,0.0304054054054054,0.0608108108108108,0.135135135135135,0.260869565217391,L5,Lower
21,17,eulsef20120913c-01,AD37,1,1,p1,1,13,0,Euler,0.0945945945945946,0.0405405405405405,0.0540540540540541,0.152027027027027,0.289855072463768,L6,Lower
22,17,eulsef20120913c-01,AD38,1,1,p1,1,14,0,Euler,0.0574324324324324,0.0337837837837838,0.0371621621621622,0.141891891891892,0.253623188405797,L6,Lower
23,17,eulsef20120913c-01,AD39,1,1,p1,1,15,0,Euler,0.0405405405405405,0.0439189189189189,0.0304054054054054,0.101351351351351,0.231884057971014,L6,Lower
24,17,eulsef20120913c-01,AD40,1,1,p1,1,16,0,Euler,0.0337837837837838,0.0439189189189189,0.0304054054054054,0.10472972972973,0.22463768115942,L6,Lower
12,18,eulsef20120914c-01,AD28,1,1,p1,1,1,0,Euler,0.20253164556962,0.069620253164557,0.291139240506329,0.322784810126582,0.506849315068493,L2,Upper
13,18,eulsef20120914c-01,AD29,1,1,p1,1,2,0,Euler,0.259493670886076,0.0569620253164557,0.348101265822785,0.354430379746835,0.534246575342466,L2,Upper
14,18,eulsef20120914c-01,AD30,1,1,p1,1,3,0,Euler,0.259493670886076,0.0632911392405063,0.386075949367089,0.443037974683544,0.438356164383562,L2,Upper
15,18,eulsef20120914c-01,AD31,1,1,p1,1,4,0,Euler,0.272151898734177,0.069620253164557,0.316455696202532,0.386075949367089,0.465753424657534,L2,Upper
16,18,eulsef20120914c-01,AD32,1,1,p1,1,5,0,Euler,0.20253164556962,0.0759493670886076,0.227848101265823,0.411392405063291,0.410958904109589,L3,Upper
17,18,eulsef20120914c-01,AD33,1,1,p1,1,6,0,Euler,0.20253164556962,0.069620253164557,0.20253164556962,0.316455696202532,0.36986301369863,L3,Upper
18,18,eulsef20120914c-01,AD34,1,1,p1,1,7,0,Euler,0.240506329113924,0.0506329113924051,0.19620253164557,0.30379746835443,0.356164383561644,L3,Upper
19,18,eulsef20120914c-01,AD35,1,1,p1,1,8,0,Euler,0.259493670886076,0.0569620253164557,0.158227848101266,0.322784810126582,0.438356164383562,L3,Upper
20,18,eulsef20120914c-01,AD36,1,1,p1,1,9,0,Euler,0.151898734177215,0.0443037974683544,0.0886075949367089,0.208860759493671,0.356164383561644,L5,Lower
21,18,eulsef20120914c-01,AD37,1,1,p1,1,10,0,Euler,0.0886075949367089,0.0189873417721519,0.0632911392405063,0.19620253164557,0.383561643835616,L5,Lower
22,18,eulsef20120914c-01,AD38,1,1,p1,1,11,0,Euler,0.0822784810126582,0.0253164556962025,0.0443037974683544,0.158227848101266,0.36986301369863,L5,Lower
23,18,eulsef20120914c-01,AD39,1,1,p1,1,12,0,Euler,0.0379746835443038,0.0443037974683544,0.0126582278481013,0.107594936708861,0.26027397260274,L5,Lower
24,18,eulsef20120914c-01,AD40,1,1,p1,1,13,0,Euler,0.0379746835443038,0.0569620253164557,0.0126582278481013,0.0759493670886076,0.205479452054795,L6,Lower
6,19,eulsef20120915c-01,AD22,1,1,p1,1,1,0,Euler,0.213720316622691,0.029023746701847,0.189973614775726,0.343007915567282,0.392265193370166,L2,Upper
7,19,eulsef20120915c-01,AD23,1,1,p1,1,2,0,Euler,0.350923482849604,0.050131926121372,0.372031662269129,0.488126649076517,0.552486187845304,L2,Upper
8,19,eulsef20120915c-01,AD24,1,1,p1,1,3,0,Euler,0.387862796833773,0.050131926121372,0.393139841688654,0.509234828496042,0.607734806629834,L2,Upper
9,19,eulsef20120915c-01,AD25,1,1,p1,1,4,0,Euler,0.387862796833773,0.0554089709762533,0.448548812664908,0.530343007915567,0.640883977900553,L2,Upper
10,19,eulsef20120915c-01,AD26,1,1,p1,1,5,0,Euler,0.385224274406332,0.0606860158311346,0.327176781002639,0.493403693931398,0.569060773480663,L3,Upper
11,19,eulsef20120915c-01,AD27,1,1,p1,1,6,0,Euler,0.398416886543536,0.0448548812664908,0.324538258575198,0.432717678100264,0.43646408839779,L3,Upper
12,19,eulsef20120915c-01,AD28,1,1,p1,1,7,0,Euler,0.282321899736148,0.0448548812664908,0.300791556728232,0.350923482849604,0.453038674033149,L3,Upper
13,19,eulsef20120915c-01,AD29,1,1,p1,1,8,0,Euler,0.282321899736148,0.029023746701847,0.295514511873351,0.364116094986807,0.453038674033149,L3,Upper
14,19,eulsef20120915c-01,AD30,1,1,p1,1,9,0,Euler,0.258575197889182,0.0237467018469657,0.25065963060686,0.382585751978892,0.480662983425414,L5,Lower
15,19,eulsef20120915c-01,AD31,1,1,p1,1,10,0,Euler,0.200527704485488,0.0184696569920844,0.155672823218997,0.311345646437995,0.397790055248619,L5,Lower
16,19,eulsef20120915c-01,AD32,1,1,p1,1,11,0,Euler,0.184696569920844,0.0105540897097625,0.12401055408971,0.311345646437995,0.38121546961326,L5,Lower
17,19,eulsef20120915c-01,AD33,1,1,p1,1,12,0,Euler,0.118733509234828,0.0131926121372032,0.0686015831134565,0.242744063324538,0.220994475138122,L5,Lower
18,19,eulsef20120915c-01,AD34,1,1,p1,1,13,0,Euler,0.168865435356201,0.0316622691292876,0.0844327176781003,0.216358839050132,0.232044198895028,L6,Lower
19,19,eulsef20120915c-01,AD35,1,1,p1,1,14,0,Euler,0.113456464379947,0.0395778364116095,0.0606860158311346,0.20844327176781,0.232044198895028,L6,Lower
20,19,eulsef20120915c-01,AD36,1,1,p1,1,15,0,Euler,0.0659630606860158,0.0237467018469657,0.0316622691292876,0.108179419525066,0.138121546961326,L6,Lower
21,19,eulsef20120915c-01,AD37,1,1,p1,1,16,0,Euler,0.0580474934036939,0.0343007915567282,0.0237467018469657,0.110817941952507,0.110497237569061,L6,Lower
22,19,eulsef20120915c-01,AD38,1,1,p1,1,17,0,Euler,0.0527704485488127,0.0184696569920844,0.0158311345646438,0.105540897097625,0.121546961325967,L6,Lower
13,20,xensef20120420a-01,AD29,1,2,p2,1,1,1,Xena,0.0264900662251656,0.150110375275938,0.0198675496688742,0.0154525386313466,0.0202020202020202,L2,Upper
14,20,xensef20120420a-01,AD30,1,2,p2,1,2,1,Xena,0.141280353200883,0.165562913907285,0.134657836644592,0.1280353200883,0.124579124579125,L2,Upper
15,20,xensef20120420a-01,AD31,1,2,p2,1,3,1,Xena,0.185430463576159,0.161147902869757,0.145695364238411,0.1280353200883,0.161616161616162,L2,Upper
16,20,xensef20120420a-01,AD32,1,2,p2,1,4,1,Xena,0.2560706401766,0.163355408388521,0.278145695364238,0.227373068432671,0.282828282828283,L2,Upper
17,20,xensef20120420a-01,AD33,1,2,p2,1,5,1,Xena,0.298013245033113,0.150110375275938,0.300220750551876,0.267108167770419,0.296296296296296,L3,Upper
18,20,xensef20120420a-01,AD34,1,2,p2,1,6,1,Xena,0.216335540838852,0.130242825607064,0.143487858719647,0.154525386313466,0.138047138047138,L3,Upper
19,20,xensef20120420a-01,AD35,1,2,p2,1,7,1,Xena,0.23841059602649,0.119205298013245,0.154525386313466,0.200883002207506,0.141414141414141,L3,Upper
20,20,xensef20120420a-01,AD36,1,2,p2,1,8,1,Xena,0.233995584988962,0.119205298013245,0.152317880794702,0.23841059602649,0.148148148148148,L3,Upper
21,20,xensef20120420a-01,AD37,1,2,p2,1,9,1,Xena,0.205298013245033,0.141280353200883,0.15673289183223,0.187637969094923,0.151515151515152,L5,Lower
22,20,xensef20120420a-01,AD38,1,2,p2,1,10,1,Xena,0.178807947019868,0.139072847682119,0.154525386313466,0.189845474613687,0.134680134680135,L5,Lower
23,20,xensef20120420a-01,AD39,1,2,p2,1,11,1,Xena,0.147902869757174,0.143487858719647,0.143487858719647,0.176600441501104,0.141414141414141,L5,Lower
24,20,xensef20120420a-01,AD40,1,2,p2,1,12,1,Xena,0.145695364238411,0.136865342163355,0.11037527593819,0.130242825607064,0.0909090909090909,L5,Lower
6,21,xensef20120423b-final,AD22,1,2,p2,1,1,1,Xena,0,0.101092896174863,0,0,0,L2,Upper
7,21,xensef20120423b-final,AD23,1,2,p2,1,2,1,Xena,0.0136612021857923,0.16120218579235,0.00273224043715847,0.00546448087431694,0.005,L2,Upper
8,21,xensef20120423b-final,AD24,1,2,p2,1,3,1,Xena,0.101092896174863,0.163934426229508,0.0792349726775956,0.0846994535519126,0.09,L2,Upper
9,21,xensef20120423b-final,AD25,1,2,p2,1,4,1,Xena,0.245901639344262,0.163934426229508,0.234972677595628,0.262295081967213,0.25,L2,Upper
10,21,xensef20120423b-final,AD26,1,2,p2,1,5,1,Xena,0.292349726775956,0.136612021857924,0.286885245901639,0.284153005464481,0.275,L3,Upper
11,21,xensef20120423b-final,AD27,1,2,p2,1,6,1,Xena,0.371584699453552,0.136612021857924,0.319672131147541,0.314207650273224,0.325,L3,Upper
12,21,xensef20120423b-final,AD28,1,2,p2,1,7,1,Xena,0.33879781420765,0.103825136612022,0.349726775956284,0.284153005464481,0.305,L3,Upper
13,21,xensef20120423b-final,AD29,1,2,p2,1,8,1,Xena,0.371584699453552,0.128415300546448,0.316939890710383,0.306010928961749,0.34,L3,Upper
14,21,xensef20120423b-final,AD30,1,2,p2,1,9,1,Xena,0.292349726775956,0.117486338797814,0.191256830601093,0.234972677595628,0.27,L5,Lower
15,21,xensef20120423b-final,AD31,1,2,p2,1,10,1,Xena,0.289617486338798,0.120218579234973,0.120218579234973,0.237704918032787,0.29,L5,Lower
16,21,xensef20120423b-final,AD32,1,2,p2,1,11,1,Xena,0.281420765027322,0.122950819672131,0.122950819672131,0.185792349726776,0.255,L5,Lower
17,21,xensef20120423b-final,AD33,1,2,p2,1,12,1,Xena,0.215846994535519,0.150273224043716,0.12568306010929,0.16120218579235,0.21,L5,Lower
18,21,xensef20120423b-final,AD34,1,2,p2,1,13,1,Xena,0.112021857923497,0.128415300546448,0.0765027322404372,0.092896174863388,0.125,L6,Lower
19,21,xensef20120423b-final,AD35,1,2,p2,1,14,1,Xena,0.103825136612022,0.117486338797814,0.0792349726775956,0.122950819672131,0.14,L6,Lower
20,21,xensef20120423b-final,AD36,1,2,p2,1,15,1,Xena,0.0901639344262295,0.166666666666667,0.0765027322404372,0.0983606557377049,0.14,L6,Lower
21,21,xensef20120423b-final,AD37,1,2,p2,1,16,1,Xena,0.0655737704918033,0.133879781420765,0.0710382513661202,0.0819672131147541,0.11,L6,Lower
22,21,xensef20120423b-final,AD38,1,2,p2,1,17,1,Xena,0.0546448087431694,0.136612021857924,0.0601092896174863,0.0710382513661202,0.1,L6,Lower
8,22,xensef20120424c-final,AD24,1,2,p2,1,1,1,Xena,0,0.123006833712984,0,0,0,L2,Upper
9,22,xensef20120424c-final,AD25,1,2,p2,1,2,1,Xena,0.0136674259681093,0.14123006833713,0.00683371298405467,0.00455580865603645,0.00892857142857143,L2,Upper
10,22,xensef20120424c-final,AD26,1,2,p2,1,3,1,Xena,0.0364464692482916,0.134396355353075,0.0592255125284738,0.0273348519362187,0.0669642857142857,L2,Upper
11,22,xensef20120424c-final,AD27,1,2,p2,1,4,1,Xena,0.184510250569476,0.150341685649203,0.150341685649203,0.143507972665148,0.214285714285714,L2,Upper
12,22,xensef20120424c-final,AD28,1,2,p2,1,5,1,Xena,0.230068337129841,0.150341685649203,0.193621867881549,0.223234624145786,0.258928571428571,L3,Upper
13,22,xensef20120424c-final,AD29,1,2,p2,1,6,1,Xena,0.250569476082005,0.116173120728929,0.20501138952164,0.207289293849658,0.254464285714286,L3,Upper
14,22,xensef20120424c-final,AD30,1,2,p2,1,7,1,Xena,0.214123006833713,0.132118451025057,0.184510250569476,0.132118451025057,0.169642857142857,L3,Upper
15,22,xensef20120424c-final,AD31,1,2,p2,1,8,1,Xena,0.296127562642369,0.14123006833713,0.252847380410023,0.218678815489749,0.254464285714286,L3,Upper
16,22,xensef20120424c-final,AD32,1,2,p2,1,9,1,Xena,0.328018223234624,0.138952164009112,0.241457858769932,0.261958997722096,0.334821428571429,L5,Lower
17,22,xensef20120424c-final,AD33,1,2,p2,1,10,1,Xena,0.321184510250569,0.120728929384966,0.232346241457859,0.214123006833713,0.263392857142857,L5,Lower
18,22,xensef20120424c-final,AD34,1,2,p2,1,11,1,Xena,0.220956719817768,0.129840546697039,0.136674259681093,0.150341685649203,0.209821428571429,L5,Lower
19,22,xensef20120424c-final,AD35,1,2,p2,1,12,1,Xena,0.24373576309795,0.113895216400911,0.175398633257403,0.164009111617312,0.223214285714286,L5,Lower
20,22,xensef20120424c-final,AD36,1,2,p2,1,13,1,Xena,0.198177676537585,0.123006833712984,0.157175398633257,0.129840546697039,0.241071428571429,L6,Lower
21,22,xensef20120424c-final,AD37,1,2,p2,1,14,1,Xena,0.182232346241458,0.136674259681093,0.129840546697039,0.107061503416856,0.196428571428571,L6,Lower
22,22,xensef20120424c-final,AD38,1,2,p2,1,15,1,Xena,0.16628701594533,0.129840546697039,0.136674259681093,0.107061503416856,0.209821428571429,L6,Lower
23,22,xensef20120424c-final,AD39,1,2,p2,1,16,1,Xena,0.17995444191344,0.136674259681093,0.136674259681093,0.123006833712984,0.1875,L6,Lower
24,22,xensef20120424c-final,AD40,1,2,p2,1,17,1,Xena,0.14123006833713,0.118451025056948,0.113895216400911,0.107061503416856,0.174107142857143,L6,Lower
12,23,xensef20120425c-final,AD28,1,2,p2,1,1,1,Xena,0.010443864229765,0.156657963446475,0.0130548302872063,0.010443864229765,0,L2,Upper
13,23,xensef20120425c-final,AD29,1,2,p2,1,2,1,Xena,0.0731070496083551,0.14621409921671,0.0704960835509138,0.0443864229765013,0.0955056179775281,L2,Upper
14,23,xensef20120425c-final,AD30,1,2,p2,1,3,1,Xena,0.130548302872063,0.101827676240209,0.114882506527415,0.12532637075718,0.129213483146067,L2,Upper
15,23,xensef20120425c-final,AD31,1,2,p2,1,4,1,Xena,0.164490861618799,0.140992167101828,0.161879895561358,0.151436031331593,0.157303370786517,L2,Upper
16,23,xensef20120425c-final,AD32,1,2,p2,1,5,1,Xena,0.216710182767624,0.122715404699739,0.198433420365535,0.169712793733681,0.174157303370787,L3,Upper
17,23,xensef20120425c-final,AD33,1,2,p2,1,6,1,Xena,0.255874673629243,0.172323759791123,0.214099216710183,0.206266318537859,0.168539325842697,L3,Upper
18,23,xensef20120425c-final,AD34,1,2,p2,1,7,1,Xena,0.198433420365535,0.164490861618799,0.161879895561358,0.148825065274151,0.129213483146067,L3,Upper
19,23,xensef20120425c-final,AD35,1,2,p2,1,8,1,Xena,0.263707571801567,0.14621409921671,0.161879895561358,0.219321148825065,0.168539325842697,L3,Upper
20,23,xensef20120425c-final,AD36,1,2,p2,1,9,1,Xena,0.344647519582245,0.133159268929504,0.2088772845953,0.279373368146214,0.235955056179775,L5,Lower
21,23,xensef20120425c-final,AD37,1,2,p2,1,10,1,Xena,0.318537859007833,0.148825065274151,0.174934725848564,0.261096605744125,0.235955056179775,L5,Lower
22,23,xensef20120425c-final,AD38,1,2,p2,1,11,1,Xena,0.248041775456919,0.154046997389034,0.16710182767624,0.206266318537859,0.191011235955056,L5,Lower
23,23,xensef20120425c-final,AD39,1,2,p2,1,12,1,Xena,0.221932114882507,0.143603133159269,0.177545691906005,0.174934725848564,0.157303370786517,L5,Lower
24,23,xensef20120425c-final,AD40,1,2,p2,1,13,1,Xena,0.180156657963446,0.156657963446475,0.148825065274151,0.154046997389034,0.140449438202247,L6,Lower
12,24,xensef20120426c-01,AD28,1,2,p2,1,1,1,Xena,0,0.132791327913279,0,0,0,L2,Upper
13,24,xensef20120426c-01,AD29,1,2,p2,1,2,1,Xena,0,0.10840108401084,0.002710027100271,0.002710027100271,0.00429184549356223,L2,Upper
14,24,xensef20120426c-01,AD30,1,2,p2,1,3,1,Xena,0.024390243902439,0.138211382113821,0.035230352303523,0.035230352303523,0.0171673819742489,L2,Upper
15,24,xensef20120426c-01,AD31,1,2,p2,1,4,1,Xena,0.186991869918699,0.124661246612466,0.149051490514905,0.157181571815718,0.111587982832618,L2,Upper
16,24,xensef20120426c-01,AD32,1,2,p2,1,5,1,Xena,0.314363143631436,0.119241192411924,0.219512195121951,0.257452574525745,0.274678111587983,L3,Upper
17,24,xensef20120426c-01,AD33,1,2,p2,1,6,1,Xena,0.314363143631436,0.121951219512195,0.219512195121951,0.24390243902439,0.266094420600858,L3,Upper
18,24,xensef20120426c-01,AD34,1,2,p2,1,7,1,Xena,0.224932249322493,0.10840108401084,0.16260162601626,0.168021680216802,0.201716738197425,L3,Upper
19,24,xensef20120426c-01,AD35,1,2,p2,1,8,1,Xena,0.281842818428184,0.113821138211382,0.186991869918699,0.170731707317073,0.197424892703863,L3,Upper
20,24,xensef20120426c-01,AD36,1,2,p2,1,9,1,Xena,0.257452574525745,0.105691056910569,0.170731707317073,0.197831978319783,0.188841201716738,L5,Lower
21,24,xensef20120426c-01,AD37,1,2,p2,1,10,1,Xena,0.224932249322493,0.119241192411924,0.165311653116531,0.181571815718157,0.184549356223176,L5,Lower
22,24,xensef20120426c-01,AD38,1,2,p2,1,11,1,Xena,0.214092140921409,0.132791327913279,0.154471544715447,0.170731707317073,0.163090128755365,L5,Lower
23,24,xensef20120426c-01,AD39,1,2,p2,1,12,1,Xena,0.18970189701897,0.100271002710027,0.151761517615176,0.176151761517615,0.163090128755365,L5,Lower
24,24,xensef20120426c-01,AD40,1,2,p2,1,13,1,Xena,0.143631436314363,0.116531165311653,0.0948509485094851,0.124661246612466,0.133047210300429,L6,Lower
10,25,xensef20120427c-01,AD26,1,2,p2,1,1,1,Xena,0,0.104,0,0,0,L2,Upper
11,25,xensef20120427c-01,AD27,1,2,p2,1,2,1,Xena,0.004,0.112,0,0.004,0.00636942675159236,L2,Upper
12,25,xensef20120427c-01,AD28,1,2,p2,1,3,1,Xena,0.012,0.112,0,0.004,0.0127388535031847,L2,Upper
13,25,xensef20120427c-01,AD29,1,2,p2,1,4,1,Xena,0.148,0.116,0.112,0.132,0.140127388535032,L2,Upper
14,25,xensef20120427c-01,AD30,1,2,p2,1,5,1,Xena,0.304,0.12,0.236,0.26,0.261146496815287,L3,Upper
15,25,xensef20120427c-01,AD31,1,2,p2,1,6,1,Xena,0.412,0.1,0.296,0.36,0.426751592356688,L3,Upper
16,25,xensef20120427c-01,AD32,1,2,p2,1,7,1,Xena,0.472,0.088,0.268,0.392,0.43312101910828,L3,Upper
17,25,xensef20120427c-01,AD33,1,2,p2,1,8,1,Xena,0.42,0.14,0.288,0.34,0.388535031847134,L3,Upper
18,25,xensef20120427c-01,AD34,1,2,p2,1,9,1,Xena,0.264,0.12,0.148,0.116,0.229299363057325,L5,Lower
19,25,xensef20120427c-01,AD35,1,2,p2,1,10,1,Xena,0.244,0.136,0.148,0.172,0.254777070063694,L5,Lower
20,25,xensef20120427c-01,AD36,1,2,p2,1,11,1,Xena,0.256,0.112,0.188,0.18,0.203821656050955,L5,Lower
21,25,xensef20120427c-01,AD37,1,2,p2,1,12,1,Xena,0.204,0.116,0.128,0.172,0.235668789808917,L5,Lower
22,25,xensef20120427c-01,AD38,1,2,p2,1,13,1,Xena,0.196,0.12,0.116,0.144,0.184713375796178,L6,Lower
23,25,xensef20120427c-01,AD39,1,2,p2,1,14,1,Xena,0.184,0.12,0.12,0.156,0.197452229299363,L6,Lower
24,25,xensef20120427c-01,AD40,1,2,p2,1,15,1,Xena,0.156,0.112,0.112,0.12,0.165605095541401,L6,Lower
7,26,xensef20120514d-final,AD23,1,3,p3,1,1,1,Xena,0,0.118881118881119,0,0,0,L2,Upper
8,26,xensef20120514d-final,AD24,1,3,p3,1,2,1,Xena,0,0.111888111888112,0,0,0,L2,Upper
9,26,xensef20120514d-final,AD25,1,3,p3,1,3,1,Xena,0.0909090909090909,0.118881118881119,0.041958041958042,0.0629370629370629,0.0833333333333333,L2,Upper
10,26,xensef20120514d-final,AD26,1,3,p3,1,4,1,Xena,0.41958041958042,0.13986013986014,0.300699300699301,0.342657342657343,0.45,L2,Upper
11,26,xensef20120514d-final,AD27,1,3,p3,1,5,1,Xena,0.517482517482518,0.104895104895105,0.447552447552448,0.447552447552448,0.55,L3,Upper
12,26,xensef20120514d-final,AD28,1,3,p3,1,6,1,Xena,0.510489510489511,0.0839160839160839,0.405594405594406,0.412587412587413,0.6,L3,Upper
13,26,xensef20120514d-final,AD29,1,3,p3,1,7,1,Xena,0.601398601398601,0.153846153846154,0.433566433566434,0.440559440559441,0.533333333333333,L3,Upper
14,26,xensef20120514d-final,AD30,1,3,p3,1,8,1,Xena,0.447552447552448,0.125874125874126,0.195804195804196,0.265734265734266,0.416666666666667,L3,Upper
15,26,xensef20120514d-final,AD31,1,3,p3,1,9,1,Xena,0.447552447552448,0.174825174825175,0.216783216783217,0.237762237762238,0.333333333333333,L5,Lower
16,26,xensef20120514d-final,AD32,1,3,p3,1,10,1,Xena,0.391608391608392,0.118881118881119,0.20979020979021,0.188811188811189,0.3,L5,Lower
17,26,xensef20120514d-final,AD33,1,3,p3,1,11,1,Xena,0.188811188811189,0.132867132867133,0.104895104895105,0.104895104895105,0.15,L5,Lower
18,26,xensef20120514d-final,AD34,1,3,p3,1,12,1,Xena,0.181818181818182,0.118881118881119,0.118881118881119,0.0979020979020979,0.166666666666667,L5,Lower
19,26,xensef20120514d-final,AD35,1,3,p3,1,13,1,Xena,0.104895104895105,0.167832167832168,0.111888111888112,0.132867132867133,0.233333333333333,L6,Lower
20,26,xensef20120514d-final,AD36,1,3,p3,1,14,1,Xena,0.0839160839160839,0.153846153846154,0.0769230769230769,0.0839160839160839,0.116666666666667,L6,Lower
21,26,xensef20120514d-final,AD37,1,3,p3,1,15,1,Xena,0.0839160839160839,0.146853146853147,0.0699300699300699,0.0559440559440559,0.116666666666667,L6,Lower
22,26,xensef20120514d-final,AD38,1,3,p3,1,16,1,Xena,0.0699300699300699,0.160839160839161,0.048951048951049,0.0699300699300699,0.116666666666667,L6,Lower
7,27,xensef20120515c-final,AD23,1,3,p3,1,1,1,Xena,0,0.116822429906542,0,0,0.0116279069767442,L2,Upper
8,27,xensef20120515c-final,AD24,1,3,p3,1,2,1,Xena,0,0.149532710280374,0,0,0,L2,Upper
9,27,xensef20120515c-final,AD25,1,3,p3,1,3,1,Xena,0.014018691588785,0.107476635514019,0,0.00934579439252336,0,L2,Upper
10,27,xensef20120515c-final,AD26,1,3,p3,1,4,1,Xena,0.0794392523364486,0.149532710280374,0.0280373831775701,0.0467289719626168,0.0348837209302326,L2,Upper
11,27,xensef20120515c-final,AD27,1,3,p3,1,5,1,Xena,0.228971962616822,0.163551401869159,0.168224299065421,0.154205607476636,0.151162790697674,L3,Upper
12,27,xensef20120515c-final,AD28,1,3,p3,1,6,1,Xena,0.378504672897196,0.126168224299065,0.214953271028037,0.238317757009346,0.302325581395349,L3,Upper
13,27,xensef20120515c-final,AD29,1,3,p3,1,7,1,Xena,0.420560747663551,0.121495327102804,0.242990654205607,0.252336448598131,0.267441860465116,L3,Upper
14,27,xensef20120515c-final,AD30,1,3,p3,1,8,1,Xena,0.401869158878505,0.11214953271028,0.205607476635514,0.247663551401869,0.313953488372093,L3,Upper
15,27,xensef20120515c-final,AD31,1,3,p3,1,9,1,Xena,0.397196261682243,0.135514018691589,0.168224299065421,0.233644859813084,0.313953488372093,L5,Lower
16,27,xensef20120515c-final,AD32,1,3,p3,1,10,1,Xena,0.369158878504673,0.102803738317757,0.200934579439252,0.224299065420561,0.267441860465116,L5,Lower
17,27,xensef20120515c-final,AD33,1,3,p3,1,11,1,Xena,0.191588785046729,0.107476635514019,0.126168224299065,0.126168224299065,0.186046511627907,L5,Lower
18,27,xensef20120515c-final,AD34,1,3,p3,1,12,1,Xena,0.196261682242991,0.11214953271028,0.168224299065421,0.11214953271028,0.22093023255814,L5,Lower
19,27,xensef20120515c-final,AD35,1,3,p3,1,13,1,Xena,0.233644859813084,0.107476635514019,0.200934579439252,0.14018691588785,0.162790697674419,L6,Lower
20,27,xensef20120515c-final,AD36,1,3,p3,1,14,1,Xena,0.163551401869159,0.107476635514019,0.126168224299065,0.121495327102804,0.174418604651163,L6,Lower
21,27,xensef20120515c-final,AD37,1,3,p3,1,15,1,Xena,0.168224299065421,0.11214953271028,0.126168224299065,0.116822429906542,0.209302325581395,L6,Lower
22,27,xensef20120515c-final,AD38,1,3,p3,1,16,1,Xena,0.158878504672897,0.102803738317757,0.14018691588785,0.0981308411214953,0.209302325581395,L6,Lower
8,28,xensef20120516c-final,AD24,1,3,p3,1,1,1,Xena,0,0.0945273631840796,0,0,0.00980392156862745,L2,Upper
9,28,xensef20120516c-final,AD25,1,3,p3,1,2,1,Xena,0,0.124378109452736,0,0,0,L2,Upper
10,28,xensef20120516c-final,AD26,1,3,p3,1,3,1,Xena,0.00497512437810945,0.0895522388059701,0,0.00497512437810945,0,L2,Upper
11,28,xensef20120516c-final,AD27,1,3,p3,1,4,1,Xena,0.0398009950248756,0.124378109452736,0.00497512437810945,0.0398009950248756,0.0196078431372549,L2,Upper
12,28,xensef20120516c-final,AD28,1,3,p3,1,5,1,Xena,0.0696517412935323,0.104477611940299,0.0447761194029851,0.104477611940299,0.0686274509803922,L3,Upper
13,28,xensef20120516c-final,AD29,1,3,p3,1,6,1,Xena,0.144278606965174,0.119402985074627,0.0895522388059701,0.189054726368159,0.107843137254902,L3,Upper
14,28,xensef20120516c-final,AD30,1,3,p3,1,7,1,Xena,0.228855721393035,0.129353233830846,0.154228855721393,0.17910447761194,0.137254901960784,L3,Upper
15,28,xensef20120516c-final,AD31,1,3,p3,1,8,1,Xena,0.258706467661692,0.114427860696517,0.154228855721393,0.17910447761194,0.215686274509804,L3,Upper
16,28,xensef20120516c-final,AD32,1,3,p3,1,9,1,Xena,0.343283582089552,0.119402985074627,0.233830845771144,0.208955223880597,0.196078431372549,L5,Lower
17,28,xensef20120516c-final,AD33,1,3,p3,1,10,1,Xena,0.283582089552239,0.134328358208955,0.134328358208955,0.189054726368159,0.156862745098039,L5,Lower
18,28,xensef20120516c-final,AD34,1,3,p3,1,11,1,Xena,0.26865671641791,0.0995024875621891,0.199004975124378,0.199004975124378,0.245098039215686,L5,Lower
19,28,xensef20120516c-final,AD35,1,3,p3,1,12,1,Xena,0.228855721393035,0.129353233830846,0.174129353233831,0.213930348258706,0.215686274509804,L5,Lower
20,28,xensef20120516c-final,AD36,1,3,p3,1,13,1,Xena,0.223880597014925,0.139303482587065,0.174129353233831,0.203980099502488,0.225490196078431,L6,Lower
21,28,xensef20120516c-final,AD37,1,3,p3,1,14,1,Xena,0.208955223880597,0.134328358208955,0.169154228855721,0.189054726368159,0.215686274509804,L6,Lower
22,28,xensef20120516c-final,AD38,1,3,p3,1,15,1,Xena,0.203980099502488,0.139303482587065,0.18407960199005,0.213930348258706,0.235294117647059,L6,Lower
23,28,xensef20120516c-final,AD39,1,3,p3,1,16,1,Xena,0.169154228855721,0.139303482587065,0.213930348258706,0.213930348258706,0.225490196078431,L6,Lower
24,28,xensef20120516c-final,AD40,1,3,p3,1,17,1,Xena,0.18407960199005,0.124378109452736,0.164179104477612,0.194029850746269,0.215686274509804,L6,Lower
6,29,xensef20120517d-final,AD22,1,3,p3,1,1,1,Xena,0,0.0826771653543307,0,0,0,L2,Upper
7,29,xensef20120517d-final,AD23,1,3,p3,1,2,1,Xena,0.015748031496063,0.137795275590551,0.00393700787401575,0.00393700787401575,0,L2,Upper
8,29,xensef20120517d-final,AD24,1,3,p3,1,3,1,Xena,0.0236220472440945,0.137795275590551,0.00393700787401575,0.00393700787401575,0.00869565217391304,L2,Upper
9,29,xensef20120517d-final,AD25,1,3,p3,1,4,1,Xena,0.0708661417322835,0.133858267716535,0.0118110236220472,0.0196850393700787,0.0173913043478261,L2,Upper
10,29,xensef20120517d-final,AD26,1,3,p3,1,5,1,Xena,0.228346456692913,0.0984251968503937,0.0905511811023622,0.12992125984252,0.139130434782609,L3,Upper
11,29,xensef20120517d-final,AD27,1,3,p3,1,6,1,Xena,0.326771653543307,0.12992125984252,0.125984251968504,0.153543307086614,0.182608695652174,L3,Upper
12,29,xensef20120517d-final,AD28,1,3,p3,1,7,1,Xena,0.311023622047244,0.110236220472441,0.161417322834646,0.181102362204724,0.2,L3,Upper
13,29,xensef20120517d-final,AD29,1,3,p3,1,8,1,Xena,0.34251968503937,0.114173228346457,0.18503937007874,0.188976377952756,0.2,L3,Upper
14,29,xensef20120517d-final,AD30,1,3,p3,1,9,1,Xena,0.28740157480315,0.106299212598425,0.15748031496063,0.181102362204724,0.130434782608696,L5,Lower
15,29,xensef20120517d-final,AD31,1,3,p3,1,10,1,Xena,0.251968503937008,0.0748031496062992,0.137795275590551,0.153543307086614,0.104347826086957,L5,Lower
16,29,xensef20120517d-final,AD32,1,3,p3,1,11,1,Xena,0.263779527559055,0.0905511811023622,0.173228346456693,0.196850393700787,0.208695652173913,L5,Lower
17,29,xensef20120517d-final,AD33,1,3,p3,1,12,1,Xena,0.208661417322835,0.102362204724409,0.173228346456693,0.15748031496063,0.147826086956522,L5,Lower
18,29,xensef20120517d-final,AD34,1,3,p3,1,13,1,Xena,0.228346456692913,0.141732283464567,0.149606299212598,0.228346456692913,0.139130434782609,L6,Lower
19,29,xensef20120517d-final,AD35,1,3,p3,1,14,1,Xena,0.21259842519685,0.102362204724409,0.161417322834646,0.204724409448819,0.173913043478261,L6,Lower
20,29,xensef20120517d-final,AD36,1,3,p3,1,15,1,Xena,0.240157480314961,0.0984251968503937,0.173228346456693,0.208661417322835,0.121739130434783,L6,Lower
21,29,xensef20120517d-final,AD37,1,3,p3,1,16,1,Xena,0.224409448818898,0.122047244094488,0.145669291338583,0.177165354330709,0.0956521739130435,L6,Lower
