channelN,session,sessionName,channelNames,cortexFlag,site,sitelabel,laminarFlag,depth,monkeyFlag,monkeyName,fixation_power_canceled,fixation_power_nostop,stopSignal_power_canceled,stopSignal_power_nostop,ssrt_power_canceled,ssrt_power_nostop,laminar,upper_lower
6,14,eulsef20120910c-01,AD22,1,1,p1,1,1,0,Euler,0.0806089194589595,0.251768997071535,0.827149129200734,0.995219702645662,0.10877244742017,0.351079951385609,L2,Upper
7,14,eulsef20120910c-01,AD23,1,1,p1,1,2,0,Euler,0.0923534371247027,0.0662276870691975,0.691153801710717,0.53958557356974,0.152171945060062,0.801624235510091,L2,Upper
8,14,eulsef20120910c-01,AD24,1,1,p1,1,3,0,Euler,0.0522330079608869,0.318178008882795,0.637617575996433,0.474792650613427,0.160574758554349,0.746639838274165,L2,Upper
9,14,eulsef20120910c-01,AD25,1,1,p1,1,4,0,Euler,0.0337529399000511,0.283152294680801,0.193721480763934,0.1273911464564,0.0390892812077381,0.346671172173035,L2,Upper
10,14,eulsef20120910c-01,AD26,1,1,p1,1,5,0,Euler,0.147316920022213,0.445028674424131,0.384389118345825,0.0718578477271285,0.21337173999407,0.157456523258842,L3,Upper
11,14,eulsef20120910c-01,AD27,1,1,p1,1,6,0,Euler,0.314258474984745,0.85322532871257,0.782440048177361,0.275549057918488,0.232932174725027,0.338861935436493,L3,Upper
12,14,eulsef20120910c-01,AD28,1,1,p1,1,7,0,Euler,0.0815063120666772,0.993969678317503,0.74367662645071,0.232811190403513,0.0783881655790093,0.28997230786294,L3,Upper
13,14,eulsef20120910c-01,AD29,1,1,p1,1,8,0,Euler,0.222996715044765,0.824719179706369,0.735812085281077,0.556279642912094,0.0494901948995776,0.552574541602427,L3,Upper
14,14,eulsef20120910c-01,AD30,1,1,p1,1,9,0,Euler,0.158038558953223,0.858053013512432,1.15692548530202,0.35207005309729,0.0677978542217176,0.245624693976779,L5,Lower
15,14,eulsef20120910c-01,AD31,1,1,p1,1,10,0,Euler,0.0881893588512021,0.640382200269836,0.880744876525593,0.436293051208587,0.163257217182828,0.403110891376239,L5,Lower
16,14,eulsef20120910c-01,AD32,1,1,p1,1,11,0,Euler,0.0490401870891918,0.504518041273514,0.977721667988959,0.661127451164716,0.251087624573805,0.297561907622501,L5,Lower
17,14,eulsef20120910c-01,AD33,1,1,p1,1,12,0,Euler,0.112653443337232,0.248078206037945,0.625137035668697,0.666857417592956,0.346844040577987,0.0491134102456856,L5,Lower
18,14,eulsef20120910c-01,AD34,1,1,p1,1,13,0,Euler,0.0842625803680067,0.197558166705873,0.355662252239805,0.820823015304871,0.401652096212498,0.0863182332273698,L6,Lower
19,14,eulsef20120910c-01,AD35,1,1,p1,1,14,0,Euler,0.139462549439366,0.190786650756681,0.192359285096958,0.123950505088268,0.141419505334494,0.0394425368351411,L6,Lower
20,14,eulsef20120910c-01,AD36,1,1,p1,1,15,0,Euler,0.143412643609315,0.157420592837356,0.293494651336372,0.174393073012022,0.164348630159837,0.0353773160070658,L6,Lower
21,14,eulsef20120910c-01,AD37,1,1,p1,1,16,0,Euler,0.111641525369493,0.263097022236049,0.362937298520558,0.128817537540183,0.104812954550685,0.143367660961986,L6,Lower
22,14,eulsef20120910c-01,AD38,1,1,p1,1,17,0,Euler,0.0443032879582965,0.0851803743667819,0.370823342940356,0.359020236823676,0.084221354769529,0.0799332328509627,L6,Lower
6,15,eulsef20120911c-01,AD22,1,1,p1,1,1,0,Euler,0.347605010850455,0.81643855576228,0.0415050870784674,1.04204257001843,0.187962269018978,0.0874236451291479,L2,Upper
7,15,eulsef20120911c-01,AD23,1,1,p1,1,2,0,Euler,0.733481693208978,0.521469886902751,0.171018591873556,1.27283517364873,0.53334707449526,0.577746769870893,L2,Upper
8,15,eulsef20120911c-01,AD24,1,1,p1,1,3,0,Euler,1.13537526416514,0.34230476959345,0.190463677484784,0.817517803307574,0.252578872750314,0.44086718386548,L2,Upper
9,15,eulsef20120911c-01,AD25,1,1,p1,1,4,0,Euler,1.14267334540535,0.347637953219442,0.266181847417924,0.563856618522777,0.297202239149551,0.604966441044658,L2,Upper
10,15,eulsef20120911c-01,AD26,1,1,p1,1,5,0,Euler,0.969563677994851,0.463911341290507,0.114473832404519,0.830040224923095,0.13076449360814,0.25106727861235,L3,Upper
11,15,eulsef20120911c-01,AD27,1,1,p1,1,6,0,Euler,0.567300664593222,0.753905174839638,0.147612727154096,0.418476894121907,0.264228862793398,0.249929192474918,L3,Upper
12,15,eulsef20120911c-01,AD28,1,1,p1,1,7,0,Euler,0.145873411769449,0.85406351250703,0.32437893645597,0.117654920209269,0.173253937603604,0.381289302625733,L3,Upper
13,15,eulsef20120911c-01,AD29,1,1,p1,1,8,0,Euler,0.235769201982904,0.555577024037569,0.101965143540127,0.684722240668409,0.139201230457882,0.236259482218959,L3,Upper
14,15,eulsef20120911c-01,AD30,1,1,p1,1,9,0,Euler,0.449930461486962,0.801735589423426,0.432011813512144,0.338499998288274,0.0923735390632822,0.412106204801323,L5,Lower
15,15,eulsef20120911c-01,AD31,1,1,p1,1,10,0,Euler,0.131450310620395,0.882560570267148,0.559803823837278,0.333928444444279,0.0940783640906406,0.128947021086104,L5,Lower
16,15,eulsef20120911c-01,AD32,1,1,p1,1,11,0,Euler,0.188900361367653,0.372752534229662,0.144098648952873,0.381901122204281,0.243401166928994,0.12533312175431,L5,Lower
17,15,eulsef20120911c-01,AD33,1,1,p1,1,12,0,Euler,0.162554648396051,0.340450451983919,0.166414680269121,0.315441072126117,0.339097209488418,0.099157047474589,L5,Lower
18,15,eulsef20120911c-01,AD34,1,1,p1,1,13,0,Euler,0.0567937807133419,0.121330633912134,0.249494223327453,0.517929819068298,0.272216226013912,0.164462791872125,L6,Lower
19,15,eulsef20120911c-01,AD35,1,1,p1,1,14,0,Euler,0.131139669873977,0.360911023918531,0.181418555538925,0.287201770088913,0.0588747591369728,0.102352563477958,L6,Lower
20,15,eulsef20120911c-01,AD36,1,1,p1,1,15,0,Euler,0.106288100078348,0.422716615297455,0.357636161794562,0.0700652345420772,0.0800037588238684,0.100215193119805,L6,Lower
21,15,eulsef20120911c-01,AD37,1,1,p1,1,16,0,Euler,0.0579363014113485,0.188073535733212,0.186259397004359,0.127538945339944,0.110934859549184,0.0234748775630757,L6,Lower
22,15,eulsef20120911c-01,AD38,1,1,p1,1,17,0,Euler,0.0941797192065239,0.286420262282074,0.253004233274954,0.051550494422942,0.0976402091304845,0.0734590317340003,L6,Lower
8,16,eulsef20120912c-01,AD24,1,1,p1,1,1,0,Euler,0.460457730210988,0.0932870905569634,0.0286617614491577,0.176497672245714,0.399305019461173,0.27660226663658,L2,Upper
9,16,eulsef20120912c-01,AD25,1,1,p1,1,2,0,Euler,0.304668036590726,0.0935890459806026,0.190918772126952,0.108255775369123,0.410617518505278,0.451214935458813,L2,Upper
10,16,eulsef20120912c-01,AD26,1,1,p1,1,3,0,Euler,0.259698707516424,0.141149275479785,0.285621972870015,0.277782554889504,0.4867227061035,0.227220932003681,L2,Upper
11,16,eulsef20120912c-01,AD27,1,1,p1,1,4,0,Euler,0.344855098022452,0.212984671632961,0.321517441231667,0.614457687442952,0.502112264951849,0.72272524643248,L2,Upper
12,16,eulsef20120912c-01,AD28,1,1,p1,1,5,0,Euler,0.549210320008468,0.121147790330748,0.427553391411716,0.0661310300082638,0.0823897707857814,0.574342673883881,L3,Upper
13,16,eulsef20120912c-01,AD29,1,1,p1,1,6,0,Euler,0.485761556474653,0.189577925999516,0.602419745027211,0.103747527318435,0.150595322885455,0.483361249743638,L3,Upper
14,16,eulsef20120912c-01,AD30,1,1,p1,1,7,0,Euler,0.531794151335985,0.252222031738702,0.474899184052688,0.199194761497424,0.254270240125322,0.459527391776732,L3,Upper
15,16,eulsef20120912c-01,AD31,1,1,p1,1,8,0,Euler,0.897194342615579,0.18443790052819,0.621231911366495,0.186002459316592,0.157559038515745,0.267962120950366,L3,Upper
16,16,eulsef20120912c-01,AD32,1,1,p1,1,9,0,Euler,0.829415233111863,0.204393728269888,0.523871580510037,0.0575858437800475,0.153380118715394,0.0969099901660584,L5,Lower
17,16,eulsef20120912c-01,AD33,1,1,p1,1,10,0,Euler,0.716684158632724,0.355626634795105,0.367707206579458,0.0972837995122817,0.111719836879754,0.0709143615864721,L5,Lower
18,16,eulsef20120912c-01,AD34,1,1,p1,1,11,0,Euler,0.514204899453479,0.362830634387381,0.22140499476475,0.0385136950805783,0.192725247384205,0.0577279861785844,L5,Lower
19,16,eulsef20120912c-01,AD35,1,1,p1,1,12,0,Euler,0.512191121072713,0.223663252711059,0.365561058363899,0.107455059541371,0.203389912505574,0.0959265375941553,L5,Lower
20,16,eulsef20120912c-01,AD36,1,1,p1,1,13,0,Euler,0.35913194022327,0.239726074149548,0.253951634846219,0.052323809199709,0.125735662528722,0.107874248422423,L6,Lower
21,16,eulsef20120912c-01,AD37,1,1,p1,1,14,0,Euler,0.268801947356753,0.365897868752031,0.367147893614431,0.0812039610412956,0.183239966763163,0.14857829335771,L6,Lower
22,16,eulsef20120912c-01,AD38,1,1,p1,1,15,0,Euler,0.312213804099921,0.212299478530375,0.360941263590384,0.0259250388645613,0.119237090618964,0.0834406451319006,L6,Lower
23,16,eulsef20120912c-01,AD39,1,1,p1,1,16,0,Euler,0.314351969926059,0.153032889835515,0.492421670698119,0.0754733419419621,0.16717651857133,0.0613411320884935,L6,Lower
24,16,eulsef20120912c-01,AD40,1,1,p1,1,17,0,Euler,0.255562870657794,0.296932779681901,0.283390763667087,0.0866147308168758,0.124252812204329,0.0596278101809311,L6,Lower
9,17,eulsef20120913c-01,AD25,1,1,p1,1,1,0,Euler,0.0854298526786382,0.0897701987753892,0.0629679984949033,0.28436374819293,0.0743194310135414,0.221182758035087,L2,Upper
10,17,eulsef20120913c-01,AD26,1,1,p1,1,2,0,Euler,0.0942406768441753,0.0927753779153586,0.0286579371386616,0.549329291147234,0.0643634935335943,0.204119216241808,L2,Upper
11,17,eulsef20120913c-01,AD27,1,1,p1,1,3,0,Euler,0.269413808722523,0.31062266734412,0.0989214918238949,0.618637613193077,0.106346677407422,0.248380309217206,L2,Upper
12,17,eulsef20120913c-01,AD28,1,1,p1,1,4,0,Euler,0.280792668453174,0.166365887587895,0.0736082706687372,1.44427224968829,0.0342502017289318,0.368879321760163,L2,Upper
13,17,eulsef20120913c-01,AD29,1,1,p1,1,5,0,Euler,0.201233117989769,0.223230340459254,0.0525560617303411,1.06502176873444,0.0737471650546836,0.688590738353567,L3,Upper
14,17,eulsef20120913c-01,AD30,1,1,p1,1,6,0,Euler,0.0424591437504251,0.419121926696067,0.158607582497419,1.23970977344633,0.232358771034582,0.384459093949222,L3,Upper
15,17,eulsef20120913c-01,AD31,1,1,p1,1,7,0,Euler,0.120512771903894,0.648616569542069,0.133063707621025,1.23073351249021,0.281899896274083,0.191525659602542,L3,Upper
16,17,eulsef20120913c-01,AD32,1,1,p1,1,8,0,Euler,0.108213787634345,0.480155054732503,0.130478074067237,1.14532309494615,0.120173585442649,0.108637468719462,L3,Upper
17,17,eulsef20120913c-01,AD33,1,1,p1,1,9,0,Euler,0.152505832224674,0.526323593587608,0.241352023192323,0.976884101484103,0.12483473061111,0.199065282153308,L5,Lower
18,17,eulsef20120913c-01,AD34,1,1,p1,1,10,0,Euler,0.132255565276141,0.56713210851043,0.175812279931926,1.3993083143552,0.0618017927989918,0.227316912870167,L5,Lower
19,17,eulsef20120913c-01,AD35,1,1,p1,1,11,0,Euler,0.121952757561107,0.441701138572774,0.0376501957107868,0.254582549582082,0.125422306565334,0.430909799010261,L5,Lower
20,17,eulsef20120913c-01,AD36,1,1,p1,1,12,0,Euler,0.159130593743469,0.314512270796821,0.0978581483956454,0.478148522556926,0.104966705913089,0.524665454851376,L5,Lower
21,17,eulsef20120913c-01,AD37,1,1,p1,1,13,0,Euler,0.230781271655683,0.720019655804087,0.384760757279172,0.827880821481302,0.0642363098148868,0.388668169684356,L6,Lower
22,17,eulsef20120913c-01,AD38,1,1,p1,1,14,0,Euler,0.142726659960366,0.389062376366595,0.173452467385739,0.499563628751524,0.0684864204154351,0.349150061322846,L6,Lower
23,17,eulsef20120913c-01,AD39,1,1,p1,1,15,0,Euler,0.169744940996006,0.430602466190001,0.178954961398606,0.982884090078624,0.0845390960989547,0.225670740001945,L6,Lower
24,17,eulsef20120913c-01,AD40,1,1,p1,1,16,0,Euler,0.0937417129744501,0.387391888415334,0.312238209235163,0.625006702776265,0.0762766825291742,0.13738348969326,L6,Lower
12,18,eulsef20120914c-01,AD28,1,1,p1,1,1,0,Euler,0.252218184027002,0.783820104320135,0.683976340612643,2.67199809739717,0.365907218944665,1.33199014917133,L2,Upper
13,18,eulsef20120914c-01,AD29,1,1,p1,1,2,0,Euler,0.163646258892393,0.301118844024541,0.446985709735683,1.09123110690438,0.84910467273895,1.1189872125298,L2,Upper
14,18,eulsef20120914c-01,AD30,1,1,p1,1,3,0,Euler,0.292507567962664,0.120984224225335,1.0027883668889,0.524046907676899,0.824330121884957,0.833210828556716,L2,Upper
15,18,eulsef20120914c-01,AD31,1,1,p1,1,4,0,Euler,0.0722270741727674,0.224206687756482,1.39910944745487,1.34860235370414,0.567362013587622,1.07171445581929,L2,Upper
16,18,eulsef20120914c-01,AD32,1,1,p1,1,5,0,Euler,0.17715616590206,0.440838404524587,0.958536336923601,1.84066093697606,0.405718864518577,0.310575823906231,L3,Upper
17,18,eulsef20120914c-01,AD33,1,1,p1,1,6,0,Euler,0.133321811334132,1.56741915024068,0.488086363427244,0.890522054723412,0.419315605756823,0.37779670014421,L3,Upper
18,18,eulsef20120914c-01,AD34,1,1,p1,1,7,0,Euler,0.155408519054857,0.709023613113602,0.744514550348282,1.94442267143269,0.398875955133186,0.487495463097491,L3,Upper
19,18,eulsef20120914c-01,AD35,1,1,p1,1,8,0,Euler,0.143435028073639,0.644381247773467,0.611401442197015,1.08806452769474,0.360047639505084,0.218020027909853,L3,Upper
20,18,eulsef20120914c-01,AD36,1,1,p1,1,9,0,Euler,0.402389515289245,0.410797659402043,0.517810316671053,0.968546987512527,0.45800788934309,0.175505603985099,L5,Lower
21,18,eulsef20120914c-01,AD37,1,1,p1,1,10,0,Euler,0.226212761772065,0.136232603191294,0.268786934071324,1.02337676159516,0.733224318977754,0.196002372879069,L5,Lower
22,18,eulsef20120914c-01,AD38,1,1,p1,1,11,0,Euler,0.289257128716617,0.160324720250795,0.186340646936855,1.43823676305133,0.442010958366816,0.233971872743593,L5,Lower
23,18,eulsef20120914c-01,AD39,1,1,p1,1,12,0,Euler,0.105906214891923,0.525717131404809,0.407966405150497,0.563613356744016,0.345340758454158,0.189599994796155,L5,Lower
24,18,eulsef20120914c-01,AD40,1,1,p1,1,13,0,Euler,0.147831804032762,0.564382813918799,0.631245069017917,0.590602129903062,0.328629701825844,0.0888742308713299,L6,Lower
6,19,eulsef20120915c-01,AD22,1,1,p1,1,1,0,Euler,0.157247087045337,0.445654533329395,0.0360683133927687,0.370246216316759,0.433139434862643,0.287709500419476,L2,Upper
7,19,eulsef20120915c-01,AD23,1,1,p1,1,2,0,Euler,0.285737291986123,0.161433678013338,0.0940705693262674,0.876210097398026,0.643191120479195,0.389962250927393,L2,Upper
8,19,eulsef20120915c-01,AD24,1,1,p1,1,3,0,Euler,0.261163878505117,0.0608238000896479,0.0679595372945259,0.614830564840889,0.468255371010112,0.533899514353994,L2,Upper
9,19,eulsef20120915c-01,AD25,1,1,p1,1,4,0,Euler,0.275406138644479,0.0695472843100628,0.055240060862949,0.486250388282435,0.492255215848235,0.199158117518297,L2,Upper
10,19,eulsef20120915c-01,AD26,1,1,p1,1,5,0,Euler,0.245933005625967,0.149697452627633,0.046933233367327,0.40418062382304,0.233663541496376,0.218753330370849,L3,Upper
11,19,eulsef20120915c-01,AD27,1,1,p1,1,6,0,Euler,0.212556311826655,0.342676977300705,0.107681695145802,0.342357189002318,0.061463072075424,0.313116380178425,L3,Upper
12,19,eulsef20120915c-01,AD28,1,1,p1,1,7,0,Euler,0.131458266284266,0.195489487929131,0.145322165112646,0.110018563662083,0.155989092540685,0.236531304079708,L3,Upper
13,19,eulsef20120915c-01,AD29,1,1,p1,1,8,0,Euler,0.135949896883067,0.231125876847925,0.096772053571469,0.0325174762019528,0.0933537764964943,0.3688219308063,L3,Upper
14,19,eulsef20120915c-01,AD30,1,1,p1,1,9,0,Euler,0.0707451660571221,0.114419277284209,0.0994778330009443,0.0562565225489764,0.0809131824328589,0.338769931522047,L5,Lower
15,19,eulsef20120915c-01,AD31,1,1,p1,1,10,0,Euler,0.113095565650097,0.155749553197325,0.125319774297455,0.0642353413223064,0.0591338674469383,0.309695068089541,L5,Lower
16,19,eulsef20120915c-01,AD32,1,1,p1,1,11,0,Euler,0.0657378928126099,0.203411761001287,0.146338324620651,0.0678568212896159,0.052219735204212,0.660464615853692,L5,Lower
17,19,eulsef20120915c-01,AD33,1,1,p1,1,12,0,Euler,0.0662226914620656,0.155142880242436,0.0977245537808483,0.0443763648104596,0.0774459965527874,0.999146474738268,L5,Lower
18,19,eulsef20120915c-01,AD34,1,1,p1,1,13,0,Euler,0.146636960459135,0.186667994462692,0.109644966493228,0.110242218049626,0.0797521299649226,0.596361455899819,L6,Lower
19,19,eulsef20120915c-01,AD35,1,1,p1,1,14,0,Euler,0.13413981883153,0.0830940486140609,0.195118802075045,0.0494787679767996,0.14576370347415,0.840693728014247,L6,Lower
20,19,eulsef20120915c-01,AD36,1,1,p1,1,15,0,Euler,0.0499147553566503,0.255408633188996,0.285228984743557,0.0841848743320972,0.0413397296632549,0.623540551757414,L6,Lower
21,19,eulsef20120915c-01,AD37,1,1,p1,1,16,0,Euler,0.10229595706792,0.210712187158734,0.18740292678197,0.0426879380530607,0.0884046909682362,0.861528334085215,L6,Lower
22,19,eulsef20120915c-01,AD38,1,1,p1,1,17,0,Euler,0.115370730981806,0.238310333021859,0.159188230225956,0.0325717194367464,0.102674140126754,0.490781271278806,L6,Lower
13,20,xensef20120420a-01,AD29,1,2,p2,1,1,1,Xena,0.0390634438864673,0.186378524653915,0.237398213674968,0.0609502367584223,0.0956979798279956,0.453200492142112,L2,Upper
14,20,xensef20120420a-01,AD30,1,2,p2,1,2,1,Xena,0.0614555456233218,0.131840299036832,0.198152729809781,0.113470014871438,0.11316725991068,0.782559484702856,L2,Upper
15,20,xensef20120420a-01,AD31,1,2,p2,1,3,1,Xena,0.0586068088439375,0.230981634798274,0.139398002315901,0.165452576915602,0.116812103516515,0.424355164382635,L2,Upper
16,20,xensef20120420a-01,AD32,1,2,p2,1,4,1,Xena,0.176639583828907,0.334848052649852,0.400587078388378,0.397337822809041,0.253832253897101,0.288540590291272,L2,Upper
17,20,xensef20120420a-01,AD33,1,2,p2,1,5,1,Xena,0.181622146713151,0.91741266488824,0.0931891278389215,0.201895142554407,0.471584593161524,0.502067207580083,L3,Upper
18,20,xensef20120420a-01,AD34,1,2,p2,1,6,1,Xena,0.185448523527522,0.31977106504911,0.11847142345728,0.104284303178833,0.212519845174898,0.258130259729042,L3,Upper
19,20,xensef20120420a-01,AD35,1,2,p2,1,7,1,Xena,0.212337730538977,0.438886756830529,0.212534835690203,0.186471975670883,0.11481142805829,0.490986596138693,L3,Upper
20,20,xensef20120420a-01,AD36,1,2,p2,1,8,1,Xena,0.276558278304552,0.576740264066709,0.152379581496533,0.0858669818867189,0.0881478663434876,0.42664647037318,L3,Upper
21,20,xensef20120420a-01,AD37,1,2,p2,1,9,1,Xena,0.431503917669743,0.721234846143398,0.137640117243102,0.100077246407391,0.0396480210674151,0.350000761088349,L5,Lower
22,20,xensef20120420a-01,AD38,1,2,p2,1,10,1,Xena,0.535951971928717,0.639521932652348,0.173393789409652,0.178330712064857,0.0796522058784408,0.270305152233841,L5,Lower
23,20,xensef20120420a-01,AD39,1,2,p2,1,11,1,Xena,0.300707273700621,0.624843741393568,0.196978386838394,0.13809468073322,0.0786184386740685,0.189607349773977,L5,Lower
24,20,xensef20120420a-01,AD40,1,2,p2,1,12,1,Xena,0.399134674573995,0.638631812629699,0.145208761960977,0.264200722663381,0.108755936176799,0.24540962274988,L5,Lower
6,21,xensef20120423b-final,AD22,1,2,p2,1,1,1,Xena,0.00142497326858894,0.000545105586021446,0.00109401238238882,0.000499084994326956,0.000995187230220758,0.000982792041566256,L2,Upper
7,21,xensef20120423b-final,AD23,1,2,p2,1,2,1,Xena,0.187181952366721,0.102206021118326,0.0358566608942756,0.207972409221607,0.182254472645092,0.0659081977645634,L2,Upper
8,21,xensef20120423b-final,AD24,1,2,p2,1,3,1,Xena,0.109325331367945,0.0816249517270138,0.0960853077110914,0.257236919310557,0.168532662082795,0.0755312198111626,L2,Upper
9,21,xensef20120423b-final,AD25,1,2,p2,1,4,1,Xena,0.246777031277688,0.245913281101038,0.221112499403435,0.816977442426432,0.330657621602742,0.0821822687841316,L2,Upper
10,21,xensef20120423b-final,AD26,1,2,p2,1,5,1,Xena,0.396978955710328,0.306062519320415,0.147312663665621,0.64577890067816,0.558227499188487,0.140976267984143,L3,Upper
11,21,xensef20120423b-final,AD27,1,2,p2,1,6,1,Xena,0.614646904255146,0.193479691320052,0.16653448817715,0.568528828215322,0.765968208572114,0.201981600572338,L3,Upper
12,21,xensef20120423b-final,AD28,1,2,p2,1,7,1,Xena,0.438044738505784,0.246796165892144,0.0874112958917501,0.145292731398488,0.445645578194225,0.237438214999507,L3,Upper
13,21,xensef20120423b-final,AD29,1,2,p2,1,8,1,Xena,0.569112415831637,0.24366460247169,0.233333013355114,0.365609085555766,0.325633185056564,0.375166813885979,L3,Upper
14,21,xensef20120423b-final,AD30,1,2,p2,1,9,1,Xena,0.410487564124088,0.164852030593678,0.273918003241562,0.411595762337626,0.297870217597724,0.192599211082982,L5,Lower
15,21,xensef20120423b-final,AD31,1,2,p2,1,10,1,Xena,0.237468621324485,0.0597658853203058,0.339878202777734,0.476627564838346,0.214088720690512,0.210573033334458,L5,Lower
16,21,xensef20120423b-final,AD32,1,2,p2,1,11,1,Xena,0.131396576562917,0.0451407595208608,0.379795358984265,0.488094914969753,0.179987381482067,0.14439753964858,L5,Lower
17,21,xensef20120423b-final,AD33,1,2,p2,1,12,1,Xena,0.0923843904880271,0.0651561542440357,0.577542329345469,0.0504653245862134,0.0592418640992292,0.142812559137079,L5,Lower
18,21,xensef20120423b-final,AD34,1,2,p2,1,13,1,Xena,0.0539795460961132,0.0978865178996879,0.499505925672742,0.30798327342723,0.0913263841080426,0.0942098094951754,L6,Lower
19,21,xensef20120423b-final,AD35,1,2,p2,1,14,1,Xena,0.0860916889470685,0.224960478319434,0.205926111349627,0.0792692563562076,0.154126773706547,0.146454164990656,L6,Lower
20,21,xensef20120423b-final,AD36,1,2,p2,1,15,1,Xena,0.0578492394173505,0.114658308839954,0.204074200822638,0.0789829371809773,0.130684337342293,0.0881648633612353,L6,Lower
21,21,xensef20120423b-final,AD37,1,2,p2,1,16,1,Xena,0.0103511598784403,0.2360067750868,0.133794112305714,0.0403935406337293,0.07861765047877,0.0553268824965113,L6,Lower
22,21,xensef20120423b-final,AD38,1,2,p2,1,17,1,Xena,0.0849447504652768,0.110725580014628,0.164090555180072,0.0489576075757185,0.158912989490777,0.0595066848965794,L6,Lower
8,22,xensef20120424c-final,AD24,1,2,p2,1,1,1,Xena,0.0214159987574375,0.0718197974811361,0.0860998486954657,0.0432727150204428,0.119532364920664,0.0387187532005109,L2,Upper
9,22,xensef20120424c-final,AD25,1,2,p2,1,2,1,Xena,0.0184635362385054,0.0889685546425641,0.0409355601965927,0.0349829018468681,0.203451434842416,0.0556344261191462,L2,Upper
10,22,xensef20120424c-final,AD26,1,2,p2,1,3,1,Xena,0.051971825753743,0.106138740830879,0.178200444502192,0.0948654663607013,0.321505528544253,0.0870896482333744,L2,Upper
11,22,xensef20120424c-final,AD27,1,2,p2,1,4,1,Xena,0.14901438815518,0.186882427291135,0.138492586957867,0.204725988788609,0.418715334575066,0.142332035952001,L2,Upper
12,22,xensef20120424c-final,AD28,1,2,p2,1,5,1,Xena,0.104436576015349,0.227621742958941,0.343992002051675,0.271575704336329,0.22051487061564,0.21727356110513,L3,Upper
13,22,xensef20120424c-final,AD29,1,2,p2,1,6,1,Xena,0.169861158121784,0.278879431324887,0.125474039779052,0.470989125702756,0.179909850860924,0.199767382725956,L3,Upper
14,22,xensef20120424c-final,AD30,1,2,p2,1,7,1,Xena,0.129356836472086,0.303116724380905,0.158557092937251,0.634490898807277,0.264197399761802,0.255238107168385,L3,Upper
15,22,xensef20120424c-final,AD31,1,2,p2,1,8,1,Xena,0.0598083347166272,0.557071710514525,0.15580150805177,0.986787454036646,0.578405527558494,0.38438509171291,L3,Upper
16,22,xensef20120424c-final,AD32,1,2,p2,1,9,1,Xena,0.193511027468375,0.611766761610716,0.296431543762922,0.688627852302457,0.197460618577925,0.311020126636489,L5,Lower
17,22,xensef20120424c-final,AD33,1,2,p2,1,10,1,Xena,0.190490420838581,0.447844102123755,0.242209829683928,0.494079138635879,0.34231571638297,0.418903494809359,L5,Lower
18,22,xensef20120424c-final,AD34,1,2,p2,1,11,1,Xena,0.133733466710906,0.204362886515468,0.296573759609913,0.115987640284088,0.302251090676097,0.301744334854293,L5,Lower
19,22,xensef20120424c-final,AD35,1,2,p2,1,12,1,Xena,0.0800622927052908,0.111269542189445,0.583892416383148,0.0936951987325423,0.235174912611534,0.292710871450134,L5,Lower
20,22,xensef20120424c-final,AD36,1,2,p2,1,13,1,Xena,0.0476177235429219,0.107698695626744,1.03322656741431,0.100341453474083,0.174912378343725,0.360215272566548,L6,Lower
21,22,xensef20120424c-final,AD37,1,2,p2,1,14,1,Xena,0.040052440915302,0.130602789913278,0.934123319897446,0.077480874607328,0.0395806658746502,0.465965949173742,L6,Lower
22,22,xensef20120424c-final,AD38,1,2,p2,1,15,1,Xena,0.0441152802479637,0.159915798989225,0.960395246692151,0.131298842924888,0.0943648781540518,0.325129197446601,L6,Lower
23,22,xensef20120424c-final,AD39,1,2,p2,1,16,1,Xena,0.0700503992145468,0.165303444636725,0.79809534717766,0.150842546958556,0.070779551733183,0.362136366598629,L6,Lower
24,22,xensef20120424c-final,AD40,1,2,p2,1,17,1,Xena,0.0573229805746366,0.183321046972495,0.587293357748789,0.199850958690127,0.0788000026511051,0.16738816186286,L6,Lower
12,23,xensef20120425c-final,AD28,1,2,p2,1,1,1,Xena,0.0389493844142903,0.154383256358922,0.300528964278554,0.0252717687436655,0.0506699203009487,0.267171447338456,L2,Upper
13,23,xensef20120425c-final,AD29,1,2,p2,1,2,1,Xena,0.218339932552767,0.221881601804218,0.141084095125841,0.360473945983631,0.0205658558583575,0.805042450627581,L2,Upper
14,23,xensef20120425c-final,AD30,1,2,p2,1,3,1,Xena,0.683448007034977,0.266275639481876,0.0525057565598451,0.463483506456504,0.0163865231504609,0.513563350432141,L2,Upper
15,23,xensef20120425c-final,AD31,1,2,p2,1,4,1,Xena,0.813443062385695,0.186168060640314,0.118705744811114,0.225537105498519,0.0557930901548652,0.468537019497376,L2,Upper
16,23,xensef20120425c-final,AD32,1,2,p2,1,5,1,Xena,1.07182138042756,0.152843095860285,0.0967721052060646,0.160157102179124,0.0857410584854122,0.222913212839096,L3,Upper
17,23,xensef20120425c-final,AD33,1,2,p2,1,6,1,Xena,0.758642214342092,0.170054596015682,0.222218971753517,0.218284917534509,0.480118115620756,0.169899499995959,L3,Upper
18,23,xensef20120425c-final,AD34,1,2,p2,1,7,1,Xena,0.344249278609185,0.162581704201085,0.393422781218643,0.311264614262823,0.644308965694672,0.189127954062425,L3,Upper
19,23,xensef20120425c-final,AD35,1,2,p2,1,8,1,Xena,0.476356342641158,0.182821123567693,0.438732223376911,0.168502640604637,0.515171514028771,0.147440003199849,L3,Upper
20,23,xensef20120425c-final,AD36,1,2,p2,1,9,1,Xena,0.570849048027961,0.147911026074042,0.581387535660049,0.0870695838464529,0.481627798335646,0.421519614202635,L5,Lower
21,23,xensef20120425c-final,AD37,1,2,p2,1,10,1,Xena,0.381999554561823,0.180518252637942,0.589151339127461,0.074834673137364,0.61474647310267,0.467806721296278,L5,Lower
22,23,xensef20120425c-final,AD38,1,2,p2,1,11,1,Xena,0.332540420181585,0.153513240026646,0.629129505642624,0.14308286822708,0.732211012487741,0.734420941675068,L5,Lower
23,23,xensef20120425c-final,AD39,1,2,p2,1,12,1,Xena,0.258650072039236,0.0989968462116664,0.523379884170975,0.10519083298868,0.812225371823742,0.54798411335606,L5,Lower
24,23,xensef20120425c-final,AD40,1,2,p2,1,13,1,Xena,0.280053332301472,0.108351178422841,0.468794681861952,0.130217472200743,0.99827844436897,0.514602120364487,L6,Lower
12,24,xensef20120426c-01,AD28,1,2,p2,1,1,1,Xena,0.364409649372894,0.343430513232717,0.170911182980374,0.160987933459959,0.260305879821555,0.201411956903557,L2,Upper
13,24,xensef20120426c-01,AD29,1,2,p2,1,2,1,Xena,0.606925225495022,0.331294966892797,0.373068239274581,0.120575232800548,0.051081928792228,0.108672425520433,L2,Upper
14,24,xensef20120426c-01,AD30,1,2,p2,1,3,1,Xena,0.892970895761366,0.862061072235702,0.27919629943387,0.069694506339691,0.0405613739158685,0.110484629134077,L2,Upper
15,24,xensef20120426c-01,AD31,1,2,p2,1,4,1,Xena,0.892410174730652,1.42900907540536,0.504818452545382,0.171921687009396,0.288855117611582,0.0635957867779425,L2,Upper
16,24,xensef20120426c-01,AD32,1,2,p2,1,5,1,Xena,0.896194027052835,0.905313096827049,0.233348777601122,0.492974244635557,0.414771498291832,0.191174501657091,L3,Upper
17,24,xensef20120426c-01,AD33,1,2,p2,1,6,1,Xena,1.49709399044201,0.33764175263732,0.204788962499494,0.403115134057137,0.363638892153961,0.490047252419383,L3,Upper
18,24,xensef20120426c-01,AD34,1,2,p2,1,7,1,Xena,0.885516480295077,0.451288294212536,0.227581320244154,0.427640648483858,0.506176401864813,0.669221421885893,L3,Upper
19,24,xensef20120426c-01,AD35,1,2,p2,1,8,1,Xena,0.920877221312675,0.271056937217191,0.219020009230752,0.158052550580635,0.491846288804813,1.34488515757767,L3,Upper
20,24,xensef20120426c-01,AD36,1,2,p2,1,9,1,Xena,0.864769141387399,0.0827556089769448,0.163447441020596,0.234453256100181,0.277547944240764,0.861866912365094,L5,Lower
21,24,xensef20120426c-01,AD37,1,2,p2,1,10,1,Xena,0.636138145899753,0.10843553364345,0.154111162249543,0.245733326111781,0.431217250073043,0.864096970665994,L5,Lower
22,24,xensef20120426c-01,AD38,1,2,p2,1,11,1,Xena,0.576680701855146,0.147199862463344,0.551968960541396,0.476509126563043,0.31988123358904,0.560179787178794,L5,Lower
23,24,xensef20120426c-01,AD39,1,2,p2,1,12,1,Xena,0.583686635263692,0.130460527890268,0.527674270250823,0.300493191189103,0.417941639878146,0.972941505147302,L5,Lower
24,24,xensef20120426c-01,AD40,1,2,p2,1,13,1,Xena,0.382831941702218,0.0862642666475048,0.58299047539545,0.226838638978888,0.625197235513248,0.616417961672772,L6,Lower
10,25,xensef20120427c-01,AD26,1,2,p2,1,1,1,Xena,0.0515597933678633,0.05652293468855,0.0848439800977546,0.04076471094106,0.0106316929073779,0.0387223032828348,L2,Upper
11,25,xensef20120427c-01,AD27,1,2,p2,1,2,1,Xena,0.0816944958151653,0.17335382973211,0.021513437201432,0.0518200817947828,0.113122388236858,0.0753774066059892,L2,Upper
12,25,xensef20120427c-01,AD28,1,2,p2,1,3,1,Xena,0.0331132904672514,0.149102367866186,0.0995437465868323,0.455140157166148,0.0586279414403439,0.228730219908758,L2,Upper
13,25,xensef20120427c-01,AD29,1,2,p2,1,4,1,Xena,0.126350506480084,0.0597924345962102,0.309705793599402,0.91953348877079,0.131169451151913,0.216000620525832,L2,Upper
14,25,xensef20120427c-01,AD30,1,2,p2,1,5,1,Xena,0.213481897101919,0.31254785347167,1.1429060504108,0.489212224529934,0.139295234045091,0.261684673460998,L3,Upper
15,25,xensef20120427c-01,AD31,1,2,p2,1,6,1,Xena,0.305483306816223,0.304494620491749,1.44166220556041,0.120725083217029,0.288703429416864,0.352411866624029,L3,Upper
16,25,xensef20120427c-01,AD32,1,2,p2,1,7,1,Xena,0.696748927172827,0.454576300227511,1.33572595301518,0.484582258602291,0.217702025740171,0.195784145832543,L3,Upper
17,25,xensef20120427c-01,AD33,1,2,p2,1,8,1,Xena,0.58684917607377,0.218271946666623,1.03585281964206,0.297550190246763,0.164699815487264,0.220791049734651,L3,Upper
18,25,xensef20120427c-01,AD34,1,2,p2,1,9,1,Xena,0.652490731275818,0.239145858612311,0.440269157713524,0.348952186164094,0.059529618544541,0.384759448751699,L5,Lower
19,25,xensef20120427c-01,AD35,1,2,p2,1,10,1,Xena,0.562198913393333,0.565467719644576,0.411168646320685,0.247719304193427,0.204371182428346,0.343788128655727,L5,Lower
20,25,xensef20120427c-01,AD36,1,2,p2,1,11,1,Xena,1.02912319609182,0.46661147804419,0.50759008311512,0.0586930654356029,0.199522748709198,0.341661523692699,L5,Lower
21,25,xensef20120427c-01,AD37,1,2,p2,1,12,1,Xena,0.915248275343755,0.285421864765015,0.514835456514003,0.0989548302427784,0.215938903740424,0.386480630317007,L5,Lower
22,25,xensef20120427c-01,AD38,1,2,p2,1,13,1,Xena,0.924796392648255,0.195303913584404,0.600954011639688,0.0761864399116135,0.163899926362067,0.429770357091199,L6,Lower
23,25,xensef20120427c-01,AD39,1,2,p2,1,14,1,Xena,0.71413914610274,0.545574398604775,0.581362335833656,0.092163107165408,0.12087820606804,0.427132903731096,L6,Lower
24,25,xensef20120427c-01,AD40,1,2,p2,1,15,1,Xena,0.716994769116377,0.439992465691465,0.344072360009714,0.113112875173882,0.215541181505855,0.612861211647269,L6,Lower
7,26,xensef20120514d-final,AD23,1,3,p3,1,1,1,Xena,0.0520484114278108,0.0457490781304636,0.604525905214932,0.0861813442985381,0.0597630820753961,0.17390258946368,L2,Upper
8,26,xensef20120514d-final,AD24,1,3,p3,1,2,1,Xena,0.0886771485900144,0.290388345226806,0.48385147936507,0.890751466259853,0.193480637141916,0.370760153522532,L2,Upper
9,26,xensef20120514d-final,AD25,1,3,p3,1,3,1,Xena,0.084752898980516,1.32557446468395,0.549454485445026,0.879162221785811,0.212942753578796,0.54244169515597,L2,Upper
10,26,xensef20120514d-final,AD26,1,3,p3,1,4,1,Xena,0.615672877908599,2.37447194486105,3.00181324987778,0.386994863907112,0.22250076353606,1.21693275215595,L2,Upper
11,26,xensef20120514d-final,AD27,1,3,p3,1,5,1,Xena,0.297404835944006,1.6689249683044,2.78815500535728,0.1744834907625,0.564423505037528,0.764235730829749,L3,Upper
12,26,xensef20120514d-final,AD28,1,3,p3,1,6,1,Xena,0.159722201809388,0.409129477342031,3.92518374091405,0.627395046189279,0.482433551210816,0.758387857251627,L3,Upper
13,26,xensef20120514d-final,AD29,1,3,p3,1,7,1,Xena,0.342975799625383,0.394932836876122,4.19245491754034,1.25454280554604,0.281337283573226,0.265705816766775,L3,Upper
14,26,xensef20120514d-final,AD30,1,3,p3,1,8,1,Xena,0.382830461275416,0.490056091488144,3.09492390808573,0.396542997554248,0.312111889233025,0.21378764727921,L3,Upper
15,26,xensef20120514d-final,AD31,1,3,p3,1,9,1,Xena,0.251705001909438,0.276912191937243,4.2136979618,0.0816051916519811,0.48305671455795,0.295515480437598,L5,Lower
16,26,xensef20120514d-final,AD32,1,3,p3,1,10,1,Xena,0.23230146040238,0.570986593098857,3.92150291262931,0.125122055807777,0.354825384413056,0.5326145804108,L5,Lower
17,26,xensef20120514d-final,AD33,1,3,p3,1,11,1,Xena,0.236409042901,0.704854962026152,2.89015805503628,0.155146782901046,0.240601886041418,0.785758960084513,L5,Lower
18,26,xensef20120514d-final,AD34,1,3,p3,1,12,1,Xena,0.200991683855177,0.500194867714867,3.57478799203664,0.152070980556021,0.268710217177686,1.04248092572034,L5,Lower
19,26,xensef20120514d-final,AD35,1,3,p3,1,13,1,Xena,0.158771306245577,0.545391773869912,2.78431168214946,0.161412359967746,0.18850425803788,0.368268608492203,L6,Lower
20,26,xensef20120514d-final,AD36,1,3,p3,1,14,1,Xena,0.166493192288654,0.461493063720216,3.10031831875983,0.364359137990679,0.0500870211412367,0.508119783789328,L6,Lower
21,26,xensef20120514d-final,AD37,1,3,p3,1,15,1,Xena,0.186000775176165,0.413799688908921,2.24025608656041,0.362375720578971,0.0632990024554396,0.392108177328132,L6,Lower
22,26,xensef20120514d-final,AD38,1,3,p3,1,16,1,Xena,0.159759240443141,0.526411175690209,2.35050237193914,0.529520645083066,0.124109326517904,0.634769417039688,L6,Lower
7,27,xensef20120515c-final,AD23,1,3,p3,1,1,1,Xena,0.381405097352628,0.0962458475778434,0.282276431208157,0.373596626654337,0.0664975431930384,0.122431516670524,L2,Upper
8,27,xensef20120515c-final,AD24,1,3,p3,1,2,1,Xena,0.409072969176001,0.506552711374312,0.524538948775976,0.156161529165657,0.0665710235575836,0.143384258814728,L2,Upper
9,27,xensef20120515c-final,AD25,1,3,p3,1,3,1,Xena,0.473073615997632,0.585714558007026,0.34333098683797,0.0712471063296903,0.0623606494323489,0.320090092709612,L2,Upper
10,27,xensef20120515c-final,AD26,1,3,p3,1,4,1,Xena,0.79426761984117,1.14269038799343,0.459733701659731,0.150497023685974,0.0746542533285581,0.185389577202603,L2,Upper
11,27,xensef20120515c-final,AD27,1,3,p3,1,5,1,Xena,0.883964289915963,1.22008853560985,0.428126370258068,0.538502952411605,0.0752378053787691,0.299609727343135,L3,Upper
12,27,xensef20120515c-final,AD28,1,3,p3,1,6,1,Xena,0.672950075489679,1.26295074450178,0.830816427431596,1.38113935638008,0.388689033844516,0.397355193065193,L3,Upper
13,27,xensef20120515c-final,AD29,1,3,p3,1,7,1,Xena,0.450214761945986,1.64852000945893,1.41490055580243,0.342758226499774,0.485212126335748,0.537693313728573,L3,Upper
14,27,xensef20120515c-final,AD30,1,3,p3,1,8,1,Xena,0.908004273774211,1.09935048827677,0.675215242100842,0.0843474905823886,0.132563541044489,0.348944241893871,L3,Upper
15,27,xensef20120515c-final,AD31,1,3,p3,1,9,1,Xena,1.15287937528768,0.81537260973076,0.93674941235204,0.0997311309443687,0.375135571224097,0.272274109094834,L5,Lower
16,27,xensef20120515c-final,AD32,1,3,p3,1,10,1,Xena,1.29406367488292,0.825841392259913,0.475646355114026,0.140682977685986,0.336284836946338,0.315477715722618,L5,Lower
17,27,xensef20120515c-final,AD33,1,3,p3,1,11,1,Xena,1.11602345846177,0.312300413445984,0.589848978743603,0.115137627130358,0.459484264540781,0.234555165046417,L5,Lower
18,27,xensef20120515c-final,AD34,1,3,p3,1,12,1,Xena,1.65929671410934,0.328968742156678,0.29834378837575,0.170988921640852,0.74849228876279,0.307469894952803,L5,Lower
19,27,xensef20120515c-final,AD35,1,3,p3,1,13,1,Xena,1.42623537715404,0.497512991757414,0.456370296175245,0.167809498046953,0.795810213460634,0.380665996689655,L6,Lower
20,27,xensef20120515c-final,AD36,1,3,p3,1,14,1,Xena,2.07854318883733,0.39966343227488,0.266256154209604,0.226570564088095,0.577713641852113,0.307493307320315,L6,Lower
21,27,xensef20120515c-final,AD37,1,3,p3,1,15,1,Xena,1.50048470207492,0.239887331592734,0.483840638629816,0.273055666447207,0.564364065997041,0.410031115859524,L6,Lower
22,27,xensef20120515c-final,AD38,1,3,p3,1,16,1,Xena,1.53766922125477,0.297520557849212,0.293598584309692,0.211135764120382,0.701897935858963,0.373591634154971,L6,Lower
8,28,xensef20120516c-final,AD24,1,3,p3,1,1,1,Xena,0.0735090548013003,0.0568221665530657,0.0444846478465058,0.296553878105241,0.0387481474870289,0.274957200685697,L2,Upper
9,28,xensef20120516c-final,AD25,1,3,p3,1,2,1,Xena,0.079120524368176,0.081927782103811,0.0721900389483518,0.347603490123395,0.0610183713959852,0.298078523746431,L2,Upper
10,28,xensef20120516c-final,AD26,1,3,p3,1,3,1,Xena,0.0372542305839292,0.0546848614522585,0.0704327279571703,0.0795836199365224,0.116855241628516,0.480697364604177,L2,Upper
11,28,xensef20120516c-final,AD27,1,3,p3,1,4,1,Xena,0.0755102405968467,0.12689808410858,0.083601208714353,0.315697473583362,0.0503068194962084,0.120962030081492,L2,Upper
12,28,xensef20120516c-final,AD28,1,3,p3,1,5,1,Xena,0.107934025418543,0.136560607126185,0.226851995052114,0.159653267995233,0.0417258771767044,0.0763075333740939,L3,Upper
13,28,xensef20120516c-final,AD29,1,3,p3,1,6,1,Xena,0.103382935456296,0.39271293406458,0.307646285966001,0.252264622444446,0.0713796211042751,0.151454255280572,L3,Upper
14,28,xensef20120516c-final,AD30,1,3,p3,1,7,1,Xena,0.187617274907574,0.646521013442721,0.382030829163835,0.389479825021607,0.0678283072768779,0.546025728519874,L3,Upper
15,28,xensef20120516c-final,AD31,1,3,p3,1,8,1,Xena,0.19760558144711,0.463951115464158,0.434087575289037,0.532255961530513,0.0997299015002944,1.17155022753073,L3,Upper
16,28,xensef20120516c-final,AD32,1,3,p3,1,9,1,Xena,0.397752720388758,0.535036194738993,0.767133290309746,0.852188174540476,0.088877902336963,1.19548520615347,L5,Lower
17,28,xensef20120516c-final,AD33,1,3,p3,1,10,1,Xena,0.342783086081697,0.707297058311818,0.939638296773912,0.607237352722491,0.156691235371134,1.17130796700212,L5,Lower
18,28,xensef20120516c-final,AD34,1,3,p3,1,11,1,Xena,0.334798831378772,0.549535644166988,0.691663147279489,0.892926248689919,0.212841467173123,1.7942366653884,L5,Lower
19,28,xensef20120516c-final,AD35,1,3,p3,1,12,1,Xena,0.337792227215903,0.955777457734514,0.867847016510866,0.649271127561647,0.401282764810244,1.90151271115665,L5,Lower
20,28,xensef20120516c-final,AD36,1,3,p3,1,13,1,Xena,0.340902328805698,0.734355216219946,0.487346747245121,1.12009289333118,0.428398494372209,1.30431824550036,L6,Lower
21,28,xensef20120516c-final,AD37,1,3,p3,1,14,1,Xena,0.310769155802984,0.759343321929587,0.386609511518172,0.817920274898213,0.2603862649057,1.18637773202559,L6,Lower
22,28,xensef20120516c-final,AD38,1,3,p3,1,15,1,Xena,0.33101795444907,0.75229363980739,0.348099415079753,1.04260057231919,0.253233715433398,1.14923416816938,L6,Lower
23,28,xensef20120516c-final,AD39,1,3,p3,1,16,1,Xena,0.381535351221222,0.617083587306398,0.548378278174835,0.957502081677709,0.232768675321553,1.19287487129897,L6,Lower
24,28,xensef20120516c-final,AD40,1,3,p3,1,17,1,Xena,0.27809960733234,0.893924934423485,0.466469113607693,1.11250072477372,0.20672753755316,1.08036830808969,L6,Lower
6,29,xensef20120517d-final,AD22,1,3,p3,1,1,1,Xena,0.0013542517384901,0.00580088710726022,0.000999055157853395,0.000564855408742731,0.00176695473862537,0.00296279902626204,L2,Upper
7,29,xensef20120517d-final,AD23,1,3,p3,1,2,1,Xena,0.0455476167559555,0.109349589813944,0.162771741115445,0.200343009241337,0.0186553499749934,0.166081200746481,L2,Upper
8,29,xensef20120517d-final,AD24,1,3,p3,1,3,1,Xena,0.06486904714114,0.291314866180608,0.213715347057799,0.10041079223737,0.0376099575973263,0.0668314675940698,L2,Upper
9,29,xensef20120517d-final,AD25,1,3,p3,1,4,1,Xena,0.0644098895968393,0.245110662911594,0.268024235101772,0.0339966782240432,0.155697078664527,0.05928205829876,L2,Upper
10,29,xensef20120517d-final,AD26,1,3,p3,1,5,1,Xena,0.121710535759248,0.325847555303533,0.163967683417872,0.151572261380255,0.266591692476692,0.121512219675996,L3,Upper
11,29,xensef20120517d-final,AD27,1,3,p3,1,6,1,Xena,0.127360328520011,0.404832425360202,0.112478354307709,0.124505821627963,0.297504234368976,0.128130921211607,L3,Upper
12,29,xensef20120517d-final,AD28,1,3,p3,1,7,1,Xena,0.0956142334350475,0.280773628875108,0.113108839219369,0.14715179193593,0.179771914883055,0.378722959994282,L3,Upper
13,29,xensef20120517d-final,AD29,1,3,p3,1,8,1,Xena,0.0576998828839164,0.230808595043868,0.152473697875412,0.177892959537037,0.125351191326864,0.5034372864601,L3,Upper
14,29,xensef20120517d-final,AD30,1,3,p3,1,9,1,Xena,0.0604440322887643,0.243809012135535,0.229790374560783,0.1106503191549,0.424515565655023,0.737371438462028,L5,Lower
15,29,xensef20120517d-final,AD31,1,3,p3,1,10,1,Xena,0.0487015668757653,0.151205495941326,0.149136241926956,0.28583606463827,0.418934684164749,0.520455060952624,L5,Lower
16,29,xensef20120517d-final,AD32,1,3,p3,1,11,1,Xena,0.0734959851547252,0.222083619129348,0.261799877906039,0.268887175461359,0.421594471813537,0.501417784154129,L5,Lower
17,29,xensef20120517d-final,AD33,1,3,p3,1,12,1,Xena,0.219265681069495,0.249202828402436,0.350919453776244,0.277776084308115,0.438247598165195,0.460254721849619,L5,Lower
18,29,xensef20120517d-final,AD34,1,3,p3,1,13,1,Xena,0.246713518009716,0.196761332363092,0.135469280886934,0.545370774531541,0.555701725980284,0.332855443608158,L6,Lower
19,29,xensef20120517d-final,AD35,1,3,p3,1,14,1,Xena,0.227072146748062,0.115208345125804,0.438553187381717,0.381089898897307,0.539970171024815,0.645241272095781,L6,Lower
20,29,xensef20120517d-final,AD36,1,3,p3,1,15,1,Xena,0.200010793472339,0.166349697069576,0.157081644644538,0.591208311149313,0.208770604451227,0.527626472960372,L6,Lower
21,29,xensef20120517d-final,AD37,1,3,p3,1,16,1,Xena,0.112203127194223,0.286261290179208,0.408158179139897,0.397585980651209,0.300770092844176,0.519943332973,L6,Lower
