monkeyLabel,noncanceled_pBurst_early,nostop_pBurst_early,noncanceled_pBurst_late,nostop_pBurst_late
Euler,0,0,0.00478468899521531,0
Euler,0,0,0,0
Euler,0,0,0,0
Euler,0,0,0.0191387559808612,0
Euler,0.0861244019138756,0.0419161676646707,0.287081339712919,0.0698602794411178
Euler,0.0239234449760766,0.0499001996007984,0.421052631578947,0.0838323353293413
Euler,0.0143540669856459,0.0538922155688623,0.497607655502392,0.147704590818363
Euler,0.129186602870813,0.141716566866267,0.550239234449761,0.369261477045908
Euler,0.181818181818182,0.19560878243513,0.583732057416268,0.437125748502994
Euler,0.186602870813397,0.19560878243513,0.545454545454545,0.419161676646707
Euler,0.172248803827751,0.211576846307385,0.569377990430622,0.409181636726547
Euler,0.196172248803828,0.197604790419162,0.526315789473684,0.335329341317365
Euler,0.296650717703349,0.281437125748503,0.607655502392344,0.401197604790419
Euler,0.272727272727273,0.261477045908184,0.650717703349282,0.383233532934132
Euler,0.272727272727273,0.211576846307385,0.583732057416268,0.389221556886228
Euler,0.215311004784689,0.173652694610778,0.574162679425837,0.307385229540918
Euler,0.129186602870813,0.141716566866267,0.564593301435407,0.311377245508982
Euler,0.124401913875598,0.121756487025948,0.507177033492823,0.251497005988024
Euler,0.114832535885167,0.0598802395209581,0.382775119617225,0.181636726546906
Euler,0.0478468899521531,0.031936127744511,0.320574162679426,0.151696606786427
Euler,0.013986013986014,0.0304449648711944,0.426573426573427,0.0562060889929742
Euler,0.020979020979021,0.0889929742388759,0.573426573426573,0.203747072599532
Euler,0.0909090909090909,0.152224824355972,0.678321678321678,0.346604215456674
Euler,0.181818181818182,0.241217798594848,0.664335664335664,0.405152224824356
Euler,0.237762237762238,0.201405152224824,0.685314685314685,0.358313817330211
Euler,0.20979020979021,0.189695550351288,0.678321678321678,0.299765807962529
Euler,0.237762237762238,0.182669789227166,0.657342657342657,0.318501170960187
Euler,0.237762237762238,0.206088992974239,0.664335664335664,0.302107728337237
Euler,0.251748251748252,0.231850117096019,0.727272727272727,0.311475409836066
Euler,0.174825174825175,0.213114754098361,0.734265734265734,0.330210772833724
Euler,0.167832167832168,0.22248243559719,0.699300699300699,0.351288056206089
Euler,0.160839160839161,0.199063231850117,0.65034965034965,0.362997658079625
Euler,0.153846153846154,0.163934426229508,0.566433566433566,0.323185011709602
Euler,0.146853146853147,0.133489461358314,0.510489510489511,0.243559718969555
Euler,0.0909090909090909,0.0843091334894614,0.48951048951049,0.224824355971897
Euler,0.0839160839160839,0.0655737704918033,0.41958041958042,0.154566744730679
Euler,0.0699300699300699,0.063231850117096,0.482517482517482,0.159250585480094
Euler,0.0839160839160839,0.0608899297423888,0.468531468531469,0.142857142857143
Euler,0.0909090909090909,0.0562060889929742,0.475524475524476,0.133489461358314
Euler,0.0559440559440559,0.0585480093676815,0.468531468531469,0.112412177985948
Euler,0,0,0.029585798816568,0
Euler,0,0,0.0473372781065089,0
Euler,0,0,0.0473372781065089,0
Euler,0.00591715976331361,0.0237580993520518,0.248520710059172,0.0669546436285097
Euler,0.0532544378698225,0.103671706263499,0.467455621301775,0.254859611231102
Euler,0.236686390532544,0.235421166306695,0.63905325443787,0.406047516198704
Euler,0.254437869822485,0.254859611231102,0.621301775147929,0.406047516198704
Euler,0.27810650887574,0.244060475161987,0.609467455621302,0.401727861771058
Euler,0.21301775147929,0.207343412526998,0.568047337278107,0.330453563714903
Euler,0.254437869822485,0.287257019438445,0.544378698224852,0.382289416846652
Euler,0.390532544378698,0.390928725701944,0.627218934911243,0.485961123110151
Euler,0.266272189349112,0.257019438444924,0.579881656804734,0.399568034557235
Euler,0.224852071005917,0.250539956803456,0.591715976331361,0.380129589632829
Euler,0.21301775147929,0.215982721382289,0.532544378698225,0.326133909287257
Euler,0.153846153846154,0.142548596112311,0.455621301775148,0.287257019438445
Euler,0.100591715976331,0.0885529157667387,0.337278106508876,0.138228941684665
Euler,0.100591715976331,0.0496760259179266,0.254437869822485,0.0863930885529158
Euler,0.0414201183431953,0.0215982721382289,0.260355029585799,0.0842332613390929
Euler,0.0473372781065089,0.0215982721382289,0.242603550295858,0.0496760259179266
Euler,0.0236686390532544,0.0215982721382289,0.236686390532544,0.0561555075593952
Euler,0.0855614973262032,0.0990825688073395,0.486631016042781,0.211009174311927
Euler,0.192513368983957,0.26605504587156,0.614973262032086,0.411009174311927
Euler,0.272727272727273,0.310091743119266,0.647058823529412,0.511926605504587
Euler,0.288770053475936,0.328440366972477,0.684491978609626,0.504587155963303
Euler,0.25668449197861,0.322935779816514,0.657754010695187,0.471559633027523
Euler,0.304812834224599,0.306422018348624,0.647058823529412,0.422018348623853
Euler,0.25668449197861,0.293577981651376,0.689839572192513,0.431192660550459
Euler,0.320855614973262,0.343119266055046,0.711229946524064,0.497247706422018
Euler,0.224598930481283,0.288073394495413,0.657754010695187,0.420183486238532
Euler,0.171122994652406,0.238532110091743,0.614973262032086,0.403669724770642
Euler,0.133689839572193,0.187155963302752,0.566844919786096,0.33394495412844
Euler,0.112299465240642,0.0954128440366973,0.481283422459893,0.260550458715596
Euler,0.0695187165775401,0.055045871559633,0.390374331550802,0.205504587155963
Euler,0.0962566844919786,0.0678899082568807,0.390374331550802,0.174311926605505
Euler,0.0641711229946524,0.0385321100917431,0.368983957219251,0.18348623853211
Euler,0.0481283422459893,0.0220183486238532,0.288770053475936,0.115596330275229
Euler,0.0427807486631016,0.0165137614678899,0.299465240641711,0.122935779816514
Euler,0.0213903743315508,0.0220183486238532,0.288770053475936,0.0862385321100917
Euler,0.0427807486631016,0.0238532110091743,0.294117647058824,0.0935779816513762
Euler,0.0427807486631016,0.0293577981651376,0.262032085561497,0.0678899082568807
Euler,0.0748663101604278,0.148148148148148,0.486631016042781,0.183235867446394
Euler,0.13903743315508,0.206627680311891,0.53475935828877,0.282651072124756
Euler,0.310160427807487,0.387914230019493,0.60427807486631,0.430799220272904
Euler,0.320855614973262,0.350877192982456,0.556149732620321,0.393762183235867
Euler,0.251336898395722,0.333333333333333,0.508021390374332,0.345029239766082
Euler,0.336898395721925,0.385964912280702,0.561497326203209,0.372319688109162
Euler,0.320855614973262,0.335282651072125,0.577540106951872,0.362573099415205
Euler,0.315508021390374,0.41130604288499,0.620320855614973,0.450292397660819
Euler,0.267379679144385,0.321637426900585,0.614973262032086,0.444444444444444
Euler,0.213903743315508,0.269005847953216,0.540106951871658,0.415204678362573
Euler,0.117647058823529,0.181286549707602,0.411764705882353,0.282651072124756
Euler,0.0855614973262032,0.105263157894737,0.342245989304813,0.216374269005848
Euler,0.053475935828877,0.0818713450292398,0.283422459893048,0.167641325536062
Euler,0.0962566844919786,0.0818713450292398,0.272727272727273,0.16374269005848
Euler,0.053475935828877,0.0565302144249513,0.245989304812834,0.142300194931774
Euler,0.0320855614973262,0.0331384015594542,0.203208556149733,0.0955165692007797
Euler,0.0267379679144385,0.0311890838206628,0.197860962566845,0.0896686159844055
Euler,0.0160427807486631,0.0194931773879142,0.155080213903743,0.0740740740740741
Euler,0.0160427807486631,0.0311890838206628,0.165775401069519,0.0838206627680312
Euler,0.0213903743315508,0.0292397660818713,0.133689839572193,0.0604288499025341
Euler,0.0903225806451613,0.12093023255814,0.425806451612903,0.2
Euler,0.0774193548387097,0.118604651162791,0.464516129032258,0.26046511627907
Euler,0.154838709677419,0.218604651162791,0.612903225806452,0.416279069767442
Euler,0.219354838709677,0.3,0.632258064516129,0.455813953488372
Euler,0.316129032258064,0.337209302325581,0.670967741935484,0.462790697674419
Euler,0.206451612903226,0.251162790697674,0.6,0.37906976744186
Euler,0.380645161290323,0.286046511627907,0.619354838709677,0.423255813953488
Euler,0.335483870967742,0.309302325581395,0.606451612903226,0.376744186046512
Euler,0.354838709677419,0.334883720930233,0.619354838709677,0.474418604651163
Euler,0.309677419354839,0.286046511627907,0.606451612903226,0.467441860465116
Euler,0.225806451612903,0.237209302325581,0.587096774193548,0.416279069767442
Euler,0.232258064516129,0.186046511627907,0.548387096774194,0.353488372093023
Euler,0.167741935483871,0.151162790697674,0.490322580645161,0.325581395348837
Euler,0.174193548387097,0.130232558139535,0.406451612903226,0.297674418604651
Euler,0.167741935483871,0.0953488372093023,0.4,0.234883720930233
Euler,0.0516129032258065,0.0441860465116279,0.335483870967742,0.148837209302326
Euler,0.0967741935483871,0.0395348837209302,0.27741935483871,0.134883720930233
Euler,0.0451612903225806,0.0348837209302326,0.303225806451613,0.123255813953488
Euler,0.109677419354839,0.0302325581395349,0.309677419354839,0.125581395348837
Euler,0.0838709677419355,0.0302325581395349,0.27741935483871,0.123255813953488
Xena,0.0340136054421769,0.00603621730382294,0.054421768707483,0.0140845070422535
Xena,0.326530612244898,0.392354124748491,0.374149659863946,0.388329979879276
Xena,0.0204081632653061,0.00201207243460765,0.0476190476190476,0.0120724346076459
Xena,0.0204081632653061,0.00603621730382294,0.0272108843537415,0.0181086519114688
Xena,0.0408163265306122,0.00804828973843058,0.054421768707483,0.0221327967806841
Xena,0.0204081632653061,0.00603621730382294,0.0476190476190476,0.0140845070422535
Xena,0.0408163265306122,0.00603621730382294,0.0476190476190476,0.0301810865191147
Xena,0.0204081632653061,0.00804828973843058,0.0340136054421769,0.0201207243460765
Xena,0.0408163265306122,0.028169014084507,0.102040816326531,0.0382293762575453
Xena,0.0952380952380952,0.0301810865191147,0.102040816326531,0.0643863179074447
Xena,0.149659863945578,0.138832997987928,0.210884353741497,0.164989939637827
Xena,0.299319727891156,0.231388329979879,0.26530612244898,0.24748490945674
Xena,0.163265306122449,0.152917505030181,0.156462585034014,0.106639839034205
Xena,0.210884353741497,0.104627766599598,0.17687074829932,0.0845070422535211
Xena,0.210884353741497,0.106639839034205,0.197278911564626,0.0845070422535211
Xena,0.231292517006803,0.100603621730382,0.183673469387755,0.110663983903421
Xena,0.244897959183673,0.134808853118712,0.251700680272109,0.140845070422535
Xena,0.292517006802721,0.152917505030181,0.244897959183673,0.138832997987928
Xena,0.258503401360544,0.167002012072435,0.258503401360544,0.144869215291751
Xena,0.27891156462585,0.160965794768612,0.217687074829932,0.142857142857143
Xena,0.0497237569060773,0.0205882352941176,0.0607734806629834,0.0205882352941176
Xena,0.0110497237569061,0.00882352941176471,0.0386740331491713,0.0132352941176471
Xena,0.0386740331491713,0.0147058823529412,0.0607734806629834,0.0132352941176471
Xena,0.0331491712707182,0.0161764705882353,0.0718232044198895,0.0132352941176471
Xena,0.0607734806629834,0.0308823529411765,0.0773480662983425,0.0352941176470588
Xena,0.110497237569061,0.0632352941176471,0.154696132596685,0.0808823529411765
Xena,0.204419889502762,0.158823529411765,0.276243093922652,0.204411764705882
Xena,0.232044198895028,0.163235294117647,0.342541436464088,0.207352941176471
Xena,0.314917127071823,0.233823529411765,0.337016574585635,0.273529411764706
Xena,0.331491712707182,0.25,0.38121546961326,0.286764705882353
Xena,0.331491712707182,0.285294117647059,0.408839779005525,0.3
Xena,0.364640883977901,0.344117647058824,0.425414364640884,0.342647058823529
Xena,0.171270718232044,0.133823529411765,0.198895027624309,0.111764705882353
Xena,0.0939226519337017,0.1,0.171270718232044,0.104411764705882
Xena,0.104972375690608,0.108823529411765,0.143646408839779,0.101470588235294
Xena,0.104972375690608,0.108823529411765,0.18232044198895,0.110294117647059
Xena,0.12707182320442,0.119117647058824,0.193370165745856,0.119117647058824
Xena,0.12707182320442,0.125,0.193370165745856,0.122058823529412
Xena,0.160220994475138,0.155882352941176,0.237569060773481,0.169117647058824
Xena,0.171270718232044,0.166176470588235,0.265193370165746,0.169117647058824
Xena,0.0970873786407767,0.0861618798955614,0.203883495145631,0.0913838120104439
Xena,0.0970873786407767,0.0966057441253264,0.184466019417476,0.0939947780678851
Xena,0.0776699029126214,0.0809399477806789,0.174757281553398,0.0887728459530026
Xena,0.0776699029126214,0.109660574412533,0.233009708737864,0.10443864229765
Xena,0.12621359223301,0.117493472584856,0.194174757281553,0.0861618798955614
Xena,0.0970873786407767,0.10443864229765,0.233009708737864,0.0939947780678851
Xena,0.116504854368932,0.12532637075718,0.223300970873786,0.0966057441253264
Xena,0.145631067961165,0.135770234986945,0.184466019417476,0.0887728459530026
Xena,0.106796116504854,0.156657963446475,0.213592233009709,0.101827676240209
Xena,0.12621359223301,0.140992167101828,0.242718446601942,0.107049608355091
Xena,0.135922330097087,0.140992167101828,0.213592233009709,0.114882506527415
Xena,0.194174757281553,0.18798955613577,0.252427184466019,0.16710182767624
Xena,0.0194174757281553,0.031331592689295,0.0194174757281553,0.0234986945169713
Xena,0.0388349514563107,0.031331592689295,0.029126213592233,0.0287206266318538
Xena,0.0485436893203883,0.0469973890339426,0.0388349514563107,0.0522193211488251
Xena,0.0776699029126214,0.0600522193211488,0.087378640776699,0.0626631853785901
Xena,0.106796116504854,0.135770234986945,0.155339805825243,0.135770234986945
Xena,0.174757281553398,0.190600522193211,0.242718446601942,0.143603133159269
Xena,0.29126213592233,0.242819843342037,0.281553398058252,0.248041775456919
Xena,0.388349514563107,0.263707571801567,0.300970873786408,0.255874673629243
Xena,0.0181818181818182,0.00407055630936228,0.0242424242424242,0.00814111261872456
Xena,0.0303030303030303,0.0447761194029851,0.0545454545454545,0.062415196743555
Xena,0.272727272727273,0.17774762550882,0.254545454545455,0.21438263229308
Xena,0.4,0.325644504748982,0.460606060606061,0.362279511533243
Xena,0.454545454545455,0.396200814111262,0.515151515151515,0.442333785617368
Xena,0.375757575757576,0.352781546811398,0.509090909090909,0.390773405698779
Xena,0.436363636363636,0.360922659430122,0.496969696969697,0.400271370420624
Xena,0.4,0.299864314789688,0.460606060606061,0.367706919945726
Xena,0.351515151515152,0.324287652645862,0.448484848484848,0.369063772048847
Xena,0.272727272727273,0.23202170963365,0.484848484848485,0.291723202170963
Xena,0.248484848484848,0.225237449118046,0.460606060606061,0.263229308005427
Xena,0.266666666666667,0.241519674355495,0.418181818181818,0.299864314789688
Xena,0.103030303030303,0.0637720488466757,0.0909090909090909,0.0651289009497965
Xena,0.0545454545454545,0.0312075983717775,0.0787878787878788,0.033921302578019
Xena,0.0727272727272727,0.0420624151967436,0.0424242424242424,0.028493894165536
Xena,0.0727272727272727,0.0461329715061058,0.0666666666666667,0.0407055630936228
Xena,0.0787878787878788,0.0461329715061058,0.0909090909090909,0.0325644504748982
Xena,0.0606060606060606,0.0488466757123474,0.0727272727272727,0.0542740841248304
Xena,0.0787878787878788,0.0556309362279511,0.115151515151515,0.0542740841248304
Xena,0.0727272727272727,0.0529172320217096,0.0787878787878788,0.0447761194029851
Xena,0.0728155339805825,0.0851063829787234,0.131067961165049,0.112640801001252
Xena,0.223300970873786,0.198998748435544,0.359223300970874,0.224030037546934
Xena,0.135922330097087,0.13892365456821,0.262135922330097,0.137672090112641
Xena,0.155339805825243,0.155193992490613,0.213592233009709,0.161451814768461
Xena,0.223300970873786,0.187734668335419,0.266990291262136,0.18523153942428
Xena,0.160194174757282,0.168961201501877,0.262135922330097,0.1639549436796
Xena,0.194174757281553,0.142678347934919,0.228155339805825,0.153942428035044
Xena,0.160194174757282,0.117647058823529,0.199029126213592,0.11639549436796
Xena,0.140776699029126,0.097622027534418,0.223300970873786,0.122653316645807
Xena,0.12621359223301,0.0826032540675845,0.16504854368932,0.097622027534418
Xena,0.0970873786407767,0.065081351689612,0.16504854368932,0.0763454317897372
Xena,0.111650485436893,0.0838548185231539,0.160194174757282,0.0863579474342929
Xena,0.0388349514563107,0.00750938673341677,0.00970873786407767,0.0150187734668335
Xena,0.0145631067961165,0.00876095118898623,0.00970873786407767,0.00250312891113892
Xena,0.0145631067961165,0.00625782227784731,0.0145631067961165,0.0112640801001252
Xena,0.0194174757281553,0.00750938673341677,0.00970873786407767,0.0137672090112641
Xena,0.0242718446601942,0.0100125156445557,0.0145631067961165,0.0100125156445557
Xena,0.0194174757281553,0.0112640801001252,0.0194174757281553,0.0100125156445557
Xena,0.029126213592233,0.0137672090112641,0.029126213592233,0.0137672090112641
Xena,0.0485436893203883,0.0125156445556946,0.0436893203883495,0.0187734668335419
Xena,0.028436018957346,0.0173010380622837,0.0947867298578199,0.0288350634371396
Xena,0.037914691943128,0.0149942329873126,0.0900473933649289,0.0253748558246828
Xena,0.033175355450237,0.0126874279123414,0.0805687203791469,0.0253748558246828
Xena,0.033175355450237,0.0103806228373702,0.0853080568720379,0.027681660899654
Xena,0.0568720379146919,0.0265282583621684,0.104265402843602,0.0726643598615917
Xena,0.132701421800948,0.123414071510957,0.251184834123223,0.163783160322953
Xena,0.355450236966825,0.290657439446367,0.436018957345972,0.348327566320646
Xena,0.445497630331754,0.420991926182238,0.578199052132701,0.463667820069204
Xena,0.625592417061611,0.549019607843137,0.66824644549763,0.592848904267589
Xena,0.639810426540284,0.604382929642445,0.706161137440758,0.627450980392157
Xena,0.658767772511848,0.675893886966551,0.786729857819905,0.677047289504037
Xena,0.696682464454976,0.704728950403691,0.781990521327014,0.675893886966551
Xena,0.213270142180095,0.234140715109573,0.308056872037915,0.229527104959631
Xena,0.132701421800948,0.129181084198385,0.199052132701422,0.111880046136102
Xena,0.127962085308057,0.110726643598616,0.161137440758294,0.0945790080738178
Xena,0.113744075829384,0.118800461361015,0.199052132701422,0.0830449826989619
Xena,0.0805687203791469,0.0945790080738178,0.146919431279621,0.0818915801614764
Xena,0.0663507109004739,0.0876585928489043,0.151658767772512,0.0680507497116494
Xena,0.0900473933649289,0.0853517877739331,0.146919431279621,0.0761245674740484
Xena,0.0995260663507109,0.0818915801614764,0.132701421800948,0.0726643598615917
Xena,0.0240963855421687,0,0,0.00268817204301075
Xena,0.0120481927710843,0,0,0.00268817204301075
Xena,0.0240963855421687,0.00268817204301075,0,0.00537634408602151
Xena,0.0120481927710843,0,0,0.00537634408602151
Xena,0.0120481927710843,0,0,0.00537634408602151
Xena,0.0120481927710843,0.00268817204301075,0.0120481927710843,0.00537634408602151
Xena,0.0240963855421687,0.0295698924731183,0.0963855421686747,0.0456989247311828
Xena,0.27710843373494,0.206989247311828,0.349397590361446,0.17741935483871
Xena,0.506024096385542,0.416666666666667,0.44578313253012,0.352150537634409
Xena,0.55421686746988,0.387096774193548,0.566265060240964,0.405913978494624
Xena,0.530120481927711,0.459677419354839,0.590361445783133,0.502688172043011
Xena,0.481927710843373,0.510752688172043,0.602409638554217,0.532258064516129
Xena,0.313253012048193,0.28494623655914,0.325301204819277,0.266129032258065
Xena,0.228915662650602,0.18010752688172,0.180722891566265,0.139784946236559
Xena,0.192771084337349,0.145161290322581,0.216867469879518,0.123655913978495
Xena,0.192771084337349,0.17741935483871,0.156626506024096,0.112903225806452
Xena,0.144578313253012,0.147849462365591,0.180722891566265,0.102150537634409
Xena,0.156626506024096,0.123655913978495,0.168674698795181,0.0860215053763441
Xena,0.168674698795181,0.112903225806452,0.156626506024096,0.0618279569892473
Xena,0.120481927710843,0.0940860215053763,0.144578313253012,0.0456989247311828
Euler,0.178294573643411,0.178181818181818,0.449612403100775,0.283636363636364
Euler,0.193798449612403,0.258181818181818,0.565891472868217,0.392727272727273
Euler,0.310077519379845,0.290909090909091,0.581395348837209,0.418181818181818
Euler,0.255813953488372,0.265454545454545,0.589147286821705,0.414545454545455
Euler,0.170542635658915,0.152727272727273,0.465116279069767,0.309090909090909
Euler,0.302325581395349,0.247272727272727,0.573643410852713,0.370909090909091
Euler,0.217054263565891,0.236363636363636,0.511627906976744,0.316363636363636
Euler,0.147286821705426,0.24,0.488372093023256,0.349090909090909
Euler,0.108527131782946,0.185454545454545,0.472868217054264,0.367272727272727
Euler,0.0465116279069767,0.101818181818182,0.372093023255814,0.258181818181818
Euler,0.0310077519379845,0.0472727272727273,0.341085271317829,0.167272727272727
Euler,0.0387596899224806,0.0509090909090909,0.263565891472868,0.123636363636364
Euler,0.0465116279069767,0.0472727272727273,0.178294573643411,0.0618181818181818
Euler,0.0310077519379845,0.0254545454545455,0.170542635658915,0.0690909090909091
Euler,0.00775193798449612,0.00727272727272727,0.131782945736434,0.0254545454545455
Euler,0,0.00727272727272727,0.116279069767442,0.0181818181818182
Euler,0.00775193798449612,0.00363636363636364,0.10077519379845,0.0181818181818182
Euler,0.197860962566845,0.184322033898305,0.443850267379679,0.290254237288136
Euler,0.310160427807487,0.311440677966102,0.647058823529412,0.478813559322034
Euler,0.310160427807487,0.338983050847458,0.689839572192513,0.474576271186441
Euler,0.411764705882353,0.358050847457627,0.689839572192513,0.51271186440678
Euler,0.262032085561497,0.286016949152542,0.641711229946524,0.442796610169492
Euler,0.25668449197861,0.260593220338983,0.572192513368984,0.430084745762712
Euler,0.283422459893048,0.283898305084746,0.540106951871658,0.330508474576271
Euler,0.245989304812834,0.283898305084746,0.566844919786096,0.322033898305085
Euler,0.240641711229947,0.305084745762712,0.598930481283422,0.332627118644068
Euler,0.165775401069519,0.186440677966102,0.561497326203209,0.332627118644068
Euler,0.0962566844919786,0.103813559322034,0.502673796791444,0.271186440677966
Euler,0.0481283422459893,0.0508474576271186,0.449197860962567,0.190677966101695
Euler,0.0802139037433155,0.0317796610169492,0.374331550802139,0.141949152542373
Euler,0.0320855614973262,0.0338983050847458,0.32620320855615,0.105932203389831
Euler,0.0267379679144385,0.00635593220338983,0.27807486631016,0.0508474576271186
Euler,0.0374331550802139,0.00211864406779661,0.27807486631016,0.0508474576271186
Euler,0.0160427807486631,0,0.272727272727273,0.0444915254237288
Euler,0.0402684563758389,0.0410958904109589,0.241610738255034,0.0900195694716243
Euler,0.161073825503356,0.166340508806262,0.442953020134228,0.270058708414873
Euler,0.208053691275168,0.227005870841487,0.51006711409396,0.324853228962818
Euler,0.281879194630872,0.283757338551859,0.563758389261745,0.409001956947162
Euler,0.248322147651007,0.23091976516634,0.597315436241611,0.338551859099804
Euler,0.201342281879195,0.176125244618395,0.557046979865772,0.273972602739726
Euler,0.268456375838926,0.183953033268102,0.516778523489933,0.246575342465753
Euler,0.187919463087248,0.185909980430528,0.496644295302013,0.25440313111546
Euler,0.10738255033557,0.150684931506849,0.48993288590604,0.264187866927593
Euler,0.0939597315436242,0.10958904109589,0.48993288590604,0.252446183953033
Euler,0.0805369127516778,0.0880626223091976,0.409395973154362,0.223091976516634
Euler,0.0604026845637584,0.0626223091976517,0.38255033557047,0.203522504892368
Euler,0.0402684563758389,0.0215264187866928,0.248322147651007,0.11545988258317
Euler,0.0402684563758389,0.0136986301369863,0.241610738255034,0.125244618395303
Euler,0.0201342281879195,0.0156555772994129,0.261744966442953,0.10958904109589
Euler,0.00671140939597315,0.00782778864970646,0.201342281879195,0.0645792563600783
Euler,0.0201342281879195,0.00391389432485323,0.201342281879195,0.0528375733855186
Euler,0.0144927536231884,0.0284463894967177,0.246376811594203,0.0962800875273523
Euler,0.115942028985507,0.107221006564551,0.369565217391304,0.194748358862144
Euler,0.318840579710145,0.293216630196937,0.572463768115942,0.400437636761488
Euler,0.347826086956522,0.312910284463895,0.565217391304348,0.404814004376368
Euler,0.304347826086957,0.354485776805252,0.630434782608696,0.404814004376368
Euler,0.347826086956522,0.317286652078775,0.521739130434783,0.358862144420131
Euler,0.260869565217391,0.277899343544858,0.434782608695652,0.293216630196937
Euler,0.22463768115942,0.310722100656455,0.485507246376812,0.37855579868709
Euler,0.152173913043478,0.183807439824945,0.41304347826087,0.385120350109409
Euler,0.123188405797101,0.192560175054705,0.442028985507246,0.354485776805252
Euler,0.0797101449275362,0.102844638949672,0.355072463768116,0.2472647702407
Euler,0.0289855072463768,0.0525164113785558,0.260869565217391,0.148796498905908
Euler,0.0434782608695652,0.0656455142231947,0.289855072463768,0.118161925601751
Euler,0.0507246376811594,0.0415754923413567,0.253623188405797,0.0984682713347921
Euler,0.0434782608695652,0.0350109409190372,0.231884057971014,0.0722100656455142
Euler,0.0434782608695652,0.0196936542669584,0.22463768115942,0.0634573304157549
Euler,0.191780821917808,0.157446808510638,0.506849315068493,0.293617021276596
Euler,0.205479452054795,0.259574468085106,0.534246575342466,0.34468085106383
Euler,0.219178082191781,0.268085106382979,0.438356164383562,0.353191489361702
Euler,0.178082191780822,0.187234042553191,0.465753424657534,0.280851063829787
Euler,0.164383561643836,0.225531914893617,0.410958904109589,0.259574468085106
Euler,0.219178082191781,0.204255319148936,0.36986301369863,0.234042553191489
Euler,0.191780821917808,0.182978723404255,0.356164383561644,0.251063829787234
Euler,0.136986301369863,0.165957446808511,0.438356164383562,0.302127659574468
Euler,0.0547945205479452,0.123404255319149,0.356164383561644,0.238297872340426
Euler,0.0684931506849315,0.0851063829787234,0.383561643835616,0.217021276595745
Euler,0.0547945205479452,0.0340425531914894,0.36986301369863,0.136170212765957
Euler,0.0273972602739726,0.0127659574468085,0.26027397260274,0.0808510638297872
Euler,0.0273972602739726,0.00425531914893617,0.205479452054795,0.0680851063829787
Euler,0.132596685082873,0.161993769470405,0.392265193370166,0.305295950155763
Euler,0.270718232044199,0.330218068535826,0.552486187845304,0.451713395638629
Euler,0.287292817679558,0.372274143302181,0.607734806629834,0.482866043613707
Euler,0.30939226519337,0.376947040498442,0.640883977900553,0.484423676012461
Euler,0.165745856353591,0.289719626168224,0.569060773480663,0.41588785046729
Euler,0.243093922651934,0.300623052959502,0.43646408839779,0.376947040498442
Euler,0.25414364640884,0.257009345794392,0.453038674033149,0.322429906542056
Euler,0.209944751381215,0.283489096573209,0.453038674033149,0.367601246105919
Euler,0.143646408839779,0.21183800623053,0.480662983425414,0.423676012461059
Euler,0.104972375690608,0.157320872274143,0.397790055248619,0.369158878504673
Euler,0.0662983425414365,0.118380062305296,0.38121546961326,0.347352024922118
Euler,0.0497237569060773,0.0809968847352025,0.220994475138122,0.246105919003115
Euler,0.0607734806629834,0.0950155763239875,0.232044198895028,0.2398753894081
Euler,0.0662983425414365,0.0638629283489097,0.232044198895028,0.188473520249221
Euler,0.0110497237569061,0.0202492211838006,0.138121546961326,0.104361370716511
Euler,0.0110497237569061,0.0186915887850467,0.110497237569061,0.0872274143302181
Euler,0.0165745856353591,0.00778816199376947,0.121546961325967,0.0934579439252336
Xena,0.0269360269360269,0.0133570792520036,0.0202020202020202,0.0160284951024043
Xena,0.0909090909090909,0.0926090828138914,0.124579124579125,0.0739091718610864
Xena,0.151515151515152,0.111308993766696,0.161616161616162,0.0979519145146928
Xena,0.245791245791246,0.203918076580588,0.282828282828283,0.178984861976848
Xena,0.255892255892256,0.230632235084595,0.296296296296296,0.206589492430988
Xena,0.168350168350168,0.125556544968833,0.138047138047138,0.114870881567231
Xena,0.171717171717172,0.152270703472841,0.141414141414141,0.114870881567231
Xena,0.171717171717172,0.159394479073909,0.148148148148148,0.130899376669635
Xena,0.151515151515152,0.138023152270703,0.151515151515152,0.0970614425645592
Xena,0.131313131313131,0.117542297417631,0.134680134680135,0.0872662511130899
Xena,0.138047138047138,0.0970614425645592,0.141414141414141,0.0837043633125557
Xena,0.104377104377104,0.0890471950133571,0.0909090909090909,0.0765805877114871
Xena,0,0,0,0
Xena,0.01,0.0150187734668335,0.005,0.00500625782227785
Xena,0.055,0.0851063829787234,0.09,0.0826032540675845
Xena,0.25,0.254067584480601,0.25,0.222778473091364
Xena,0.23,0.239048811013767,0.275,0.249061326658323
Xena,0.255,0.285356695869837,0.325,0.230287859824781
Xena,0.315,0.295369211514393,0.305,0.276595744680851
Xena,0.33,0.332916145181477,0.34,0.287859824780976
Xena,0.25,0.23153942428035,0.27,0.188986232790989
Xena,0.215,0.21026282853567,0.29,0.175219023779725
Xena,0.215,0.166458072590738,0.255,0.153942428035044
Xena,0.155,0.110137672090113,0.21,0.111389236545682
Xena,0.08,0.0675844806007509,0.125,0.0550688360450563
Xena,0.085,0.0763454317897372,0.14,0.0575719649561952
Xena,0.095,0.0725907384230288,0.14,0.0500625782227785
Xena,0.06,0.0425531914893617,0.11,0.0375469336670839
Xena,0.06,0.0387984981226533,0.1,0.0237797246558198
Xena,0,0,0,0
Xena,0,0.0030241935483871,0.00892857142857143,0.00403225806451613
Xena,0.0357142857142857,0.030241935483871,0.0669642857142857,0.0211693548387097
Xena,0.138392857142857,0.172379032258065,0.214285714285714,0.123991935483871
Xena,0.169642857142857,0.179435483870968,0.258928571428571,0.148185483870968
Xena,0.183035714285714,0.182459677419355,0.254464285714286,0.151209677419355
Xena,0.125,0.171370967741935,0.169642857142857,0.128024193548387
Xena,0.165178571428571,0.227822580645161,0.254464285714286,0.198588709677419
Xena,0.209821428571429,0.26008064516129,0.334821428571429,0.219758064516129
Xena,0.21875,0.245967741935484,0.263392857142857,0.212701612903226
Xena,0.138392857142857,0.145161290322581,0.209821428571429,0.119959677419355
Xena,0.174107142857143,0.168346774193548,0.223214285714286,0.127016129032258
Xena,0.138392857142857,0.143145161290323,0.241071428571429,0.11491935483871
Xena,0.125,0.094758064516129,0.196428571428571,0.0866935483870968
Xena,0.125,0.0856854838709677,0.209821428571429,0.0887096774193548
Xena,0.102678571428571,0.100806451612903,0.1875,0.0907258064516129
Xena,0.116071428571429,0.0846774193548387,0.174107142857143,0.0675403225806452
Xena,0,0.00720288115246098,0,0.00240096038415366
Xena,0.0337078651685393,0.0660264105642257,0.0955056179775281,0.0384153661464586
Xena,0.117977528089888,0.120048019207683,0.129213483146067,0.0888355342136855
Xena,0.134831460674157,0.123649459783914,0.157303370786517,0.12484993997599
Xena,0.179775280898876,0.176470588235294,0.174157303370787,0.138055222088836
Xena,0.157303370786517,0.217286914765906,0.168539325842697,0.156062424969988
Xena,0.191011235955056,0.186074429771909,0.129213483146067,0.130852340936375
Xena,0.179775280898876,0.202881152460984,0.168539325842697,0.156062424969988
Xena,0.179775280898876,0.250900360144058,0.235955056179775,0.198079231692677
Xena,0.196629213483146,0.220888355342137,0.235955056179775,0.190876350540216
Xena,0.129213483146067,0.175270108043217,0.191011235955056,0.118847539015606
Xena,0.123595505617978,0.168067226890756,0.157303370786517,0.092436974789916
Xena,0.106741573033708,0.132052821128451,0.140449438202247,0.078031212484994
Xena,0,0,0,0
Xena,0.00429184549356223,0.0022883295194508,0.00429184549356223,0
Xena,0.0214592274678112,0.0148741418764302,0.0171673819742489,0.011441647597254
Xena,0.141630901287554,0.110983981693364,0.111587982832618,0.0652173913043478
Xena,0.227467811158798,0.194508009153318,0.274678111587983,0.160183066361556
Xena,0.218884120171674,0.181922196796339,0.266094420600858,0.148741418764302
Xena,0.158798283261803,0.117848970251716,0.201716738197425,0.0881006864988558
Xena,0.158798283261803,0.143020594965675,0.197424892703863,0.115560640732265
Xena,0.188841201716738,0.130434782608696,0.188841201716738,0.130434782608696
Xena,0.15450643776824,0.102974828375286,0.184549356223176,0.107551487414188
Xena,0.150214592274678,0.107551487414188,0.163090128755365,0.106407322654462
Xena,0.137339055793991,0.0995423340961098,0.163090128755365,0.0949656750572082
Xena,0.124463519313305,0.0732265446224256,0.133047210300429,0.0732265446224256
Xena,0,0,0,0
Xena,0,0,0.00636942675159236,0.00350262697022767
Xena,0,0.00175131348511384,0.0127388535031847,0.00525394045534151
Xena,0.127388535031847,0.0735551663747811,0.140127388535032,0.0770577933450088
Xena,0.254777070063694,0.17338003502627,0.261146496815287,0.143607705779334
Xena,0.343949044585987,0.252189141856392,0.426751592356688,0.245183887915937
Xena,0.292993630573248,0.30122591943958,0.43312101910828,0.241681260945709
Xena,0.286624203821656,0.285464098073555,0.388535031847134,0.204903677758319
Xena,0.210191082802548,0.154115586690018,0.229299363057325,0.0980735551663748
Xena,0.184713375796178,0.134851138353765,0.254777070063694,0.112084063047285
Xena,0.159235668789809,0.12784588441331,0.203821656050955,0.140105078809107
Xena,0.127388535031847,0.106830122591944,0.235668789808917,0.0963222416812609
Xena,0.152866242038217,0.0945709281961471,0.184713375796178,0.0928196147110333
Xena,0.140127388535032,0.110332749562172,0.197452229299363,0.0945709281961471
Xena,0.146496815286624,0.0770577933450088,0.165605095541401,0.0840630472854641
Xena,0,0,0,0
Xena,0,0,0,0
Xena,0.05,0.0508982035928144,0.0833333333333333,0.0359281437125748
Xena,0.25,0.320359281437126,0.45,0.338323353293413
Xena,0.366666666666667,0.446107784431138,0.55,0.425149700598802
Xena,0.433333333333333,0.440119760479042,0.6,0.410179640718563
Xena,0.416666666666667,0.44311377245509,0.533333333333333,0.392215568862275
Xena,0.283333333333333,0.278443113772455,0.416666666666667,0.233532934131737
Xena,0.2,0.254491017964072,0.333333333333333,0.179640718562874
Xena,0.25,0.206586826347305,0.3,0.137724550898204
Xena,0.1,0.110778443113772,0.15,0.0479041916167665
Xena,0.116666666666667,0.101796407185629,0.166666666666667,0.0538922155688623
Xena,0.0833333333333333,0.0898203592814371,0.233333333333333,0.062874251497006
Xena,0.1,0.0598802395209581,0.116666666666667,0.0389221556886228
Xena,0.0833333333333333,0.0538922155688623,0.116666666666667,0.0419161676646707
Xena,0.0833333333333333,0.0449101796407186,0.116666666666667,0.0269461077844311
Xena,0,0.001953125,0.0116279069767442,0
Xena,0,0,0,0
Xena,0,0.00390625,0,0.0078125
Xena,0.0697674418604651,0.037109375,0.0348837209302326,0.046875
Xena,0.127906976744186,0.125,0.151162790697674,0.154296875
Xena,0.27906976744186,0.212890625,0.302325581395349,0.203125
Xena,0.255813953488372,0.25390625,0.267441860465116,0.21484375
Xena,0.244186046511628,0.244140625,0.313953488372093,0.189453125
Xena,0.267441860465116,0.212890625,0.313953488372093,0.185546875
Xena,0.244186046511628,0.22265625,0.267441860465116,0.14453125
Xena,0.174418604651163,0.1328125,0.186046511627907,0.09375
Xena,0.22093023255814,0.12890625,0.22093023255814,0.1015625
Xena,0.186046511627907,0.158203125,0.162790697674419,0.095703125
Xena,0.209302325581395,0.09765625,0.174418604651163,0.08203125
Xena,0.197674418604651,0.107421875,0.209302325581395,0.083984375
Xena,0.209302325581395,0.10546875,0.209302325581395,0.099609375
Xena,0,0,0.00980392156862745,0
Xena,0,0.00210970464135021,0,0
Xena,0.00980392156862745,0.00421940928270042,0,0.00843881856540084
Xena,0.0196078431372549,0.0126582278481013,0.0196078431372549,0.0147679324894515
Xena,0.0490196078431373,0.0253164556962025,0.0686274509803922,0.0443037974683544
Xena,0.0980392156862745,0.0886075949367089,0.107843137254902,0.0780590717299578
Xena,0.127450980392157,0.128691983122363,0.137254901960784,0.0928270042194093
Xena,0.215686274509804,0.170886075949367,0.215686274509804,0.168776371308017
Xena,0.235294117647059,0.206751054852321,0.196078431372549,0.156118143459916
Xena,0.186274509803922,0.158227848101266,0.156862745098039,0.107594936708861
Xena,0.215686274509804,0.158227848101266,0.245098039215686,0.147679324894515
Xena,0.215686274509804,0.166666666666667,0.215686274509804,0.162447257383966
Xena,0.156862745098039,0.147679324894515,0.225490196078431,0.143459915611814
Xena,0.137254901960784,0.128691983122363,0.215686274509804,0.137130801687764
Xena,0.186274509803922,0.132911392405063,0.235294117647059,0.145569620253165
Xena,0.205882352941176,0.143459915611814,0.225490196078431,0.132911392405063
Xena,0.176470588235294,0.139240506329114,0.215686274509804,0.160337552742616
Xena,0,0,0,0
Xena,0,0.00159744408945687,0,0.00479233226837061
Xena,0,0.00159744408945687,0.00869565217391304,0
Xena,0.0173913043478261,0.0111821086261981,0.0173913043478261,0.00798722044728434
Xena,0.0956521739130435,0.100638977635783,0.139130434782609,0.0862619808306709
Xena,0.182608695652174,0.180511182108626,0.182608695652174,0.121405750798722
Xena,0.173913043478261,0.186900958466454,0.2,0.134185303514377
Xena,0.165217391304348,0.191693290734824,0.2,0.13258785942492
Xena,0.191304347826087,0.170926517571885,0.130434782608696,0.111821086261981
Xena,0.147826086956522,0.143769968051118,0.104347826086957,0.0862619808306709
Xena,0.147826086956522,0.159744408945687,0.208695652173913,0.10702875399361
Xena,0.173913043478261,0.138977635782748,0.147826086956522,0.0878594249201278
Xena,0.147826086956522,0.175718849840256,0.139130434782609,0.113418530351438
Xena,0.139130434782609,0.162939297124601,0.173913043478261,0.115015974440895
Xena,0.182608695652174,0.143769968051118,0.121739130434783,0.105431309904153
Xena,0.139130434782609,0.130990415335463,0.0956521739130435,0.0894568690095847
